uav_id,packet_rate,avg_latency_ms,packet_loss_pct,command_success_rate,signal_strength_dbm,cpu_usage_pct,battery_level_pct,label,attack_type
1,44.75,40.605976741085584,3.108571283197958,0.9805985507831534,-63.99022111175184,25.04038812869691,62.8944529378349,0,Normal
2,86.375,53.774370035531234,2.330324727626884,0.9421153352466717,-52.45026856431441,36.34302309362352,59.61142292729505,0,Normal
3,65.75,61.90489725566562,1.6799966910657798,0.9449879281508411,-57.28772974268704,29.301861100326775,90.14492323020266,0,Normal
4,45.25,41.012747018348435,2.482728278838798,0.9714139726137939,-46.274657211735615,25.55158426454792,42.21589201539982,0,Normal
5,40.875,42.40483641946081,1.1531448644713616,0.9356672650069535,-54.16019850220468,38.92200068213514,68.17180892223783,0,Normal
1,119.5,49.19687200504407,0.2016499370884861,0.9917566344338827,-46.20696977412983,53.29185692220915,77.42637043884056,0,Normal
2,34.5,70.49626670458375,0.807291859697682,0.9616152418601244,-60.59032613053392,34.71458724707294,91.24338855246428,0,Normal
3,108.75,45.673308168063365,1.6030454805587218,0.9558082352256174,-50.485481792717934,44.834220352860896,74.12041886680466,0,Normal
4,47.125,52.78106293519033,1.3442209694802019,0.9646256153543361,-52.655019583025485,44.567060593973224,84.20653798064694,0,Normal
5,90.25,57.35579870966234,2.077090771780222,0.9332827450732957,-50.21183540337376,32.532403109955034,44.604871581494166,0,Normal
1,58.75,47.75254505121618,1.4127703530595714,0.9690778510911341,-60.70664272054926,44.51275746471593,61.226673101531006,0,Normal
2,73.25,52.40986034308027,2.0236243081732077,0.9490480589307209,-51.700109675244526,31.370019228606736,60.56709239634871,0,Normal
3,89.25,49.862708322678436,2.5506801413950027,0.9917749072771695,-55.03919213886262,28.66022240730667,88.74585190506447,0,Normal
4,42.875,53.26010234262305,1.4106129045724598,0.9335083365342149,-50.143500501873675,46.04149856679071,48.32541441948012,0,Normal
5,78.5,36.72478114811452,1.8886017020977848,0.9605640883092353,-58.459107116963644,28.4032245131175,48.35373947851467,0,Normal
1,44.375,46.63426353601063,0.27164921159733635,0.9678490103495214,-47.19885949069495,54.90727655768066,58.070698243718915,0,Normal
2,114.875,48.849741827425014,1.4132742148816086,0.9226706881429105,-63.313973707772995,30.50357203450688,42.99563260517607,0,Normal
3,48.25,48.7364573818311,0.637629311977785,0.9490954499804912,-48.856213624176235,42.82425588269373,50.03519223588695,0,Normal
4,114.625,54.09613934906766,1.601658743990543,0.9786108187760666,-47.773607483698186,37.34123714237768,93.08653012001542,0,Normal
5,70.5,48.575121158192545,1.6651998296741315,0.9856302005959179,-48.654953772663575,28.79159267217001,63.5501166926945,0,Normal
1,74.875,35.84041183942879,1.662873450539656,0.9450529595853826,-54.74547211476448,25.835317227322403,74.76105646323401,0,Normal
2,93.375,49.730528935423855,1.1639141871425946,0.9838874617906201,-56.23230039938477,43.681968468785,79.93611926395502,0,Normal
3,83.625,37.93537073216373,3.1089282032143832,0.9974204701682711,-45.07475426950246,49.202726913673786,60.182877385396026,0,Normal
4,80.125,39.404975612828146,0.6123849418498524,0.9885499148860075,-60.416560975716756,50.26046984520232,48.097489092578435,0,Normal
5,55.875,41.65192895031654,0.5695979209869387,0.9294115190527461,-54.062480682479105,39.481404192308034,51.36195589219795,0,Normal
1,66.5,44.108649787347275,2.6584848630156097,0.9791784265668433,-51.58648949235349,48.323664015471564,57.22965621193357,0,Normal
2,52.0,32.65019677846483,1.0070046085870747,0.9455733465952436,-50.98264728277136,45.18541400465634,74.98376311937241,0,Normal
3,89.375,53.93514752161343,0.8387165187244988,0.9990732791529662,-60.91950668522843,46.727635824974,61.90543019989799,0,Normal
4,71.125,35.75587271928413,3.1120383284061788,0.958828718652791,-51.92011815320397,39.77797015665442,40.37480838450705,0,Normal
5,34.625,57.56088497631083,2.1900059017764946,0.9297947118687153,-48.63260867037326,44.00235220726381,68.78739517871095,0,Normal
1,63.5,36.00038609733714,1.0838748163032448,0.9780148438421913,-63.99962846357776,49.16577740728171,90.68323655490798,0,Normal
2,125.375,55.255363042513615,1.6522555339854927,0.9458408958708971,-46.76957413349367,36.93652526671069,84.66426860547735,0,Normal
3,102.0,44.772628339207465,2.8621098993793788,0.999766252566533,-64.40991889709588,49.17936702602751,85.38662541927971,0,Normal
4,91.25,31.268604432448228,1.9841344766656073,0.9983825966283617,-57.88057935023211,42.76050528367189,83.72819096833722,0,Normal
5,39.25,36.65630885117719,2.40030391857451,0.9724907214416465,-64.68373607534076,29.977030731123588,57.8051954085733,0,Normal
1,95.75,55.61177334655238,2.0633622251136634,0.9303861159161374,-63.457096629208365,25.74052471673754,82.08566085649156,0,Normal
2,117.125,48.58918939241604,2.151177342167479,0.9749488798140024,-46.77663429639842,35.88260801197456,47.87387467961561,0,Normal
3,91.375,44.37014653065754,1.527819187137299,0.9274424389168022,-57.90278338507704,41.400889848890195,76.17438810017745,0,Normal
4,119.375,27.265911564136726,1.5079439352833535,0.9223491327281914,-56.50456939149894,50.19461056610465,75.2862711676747,0,Normal
5,55.625,56.11653070891971,1.6869352697439175,0.9858366756977189,-60.69311237234895,28.824570404207385,41.4063389499354,0,Normal
1,117.75,59.963391182524134,2.0141169652152104,0.9367802358146945,-53.0580845962656,49.006190430507374,83.33835734750124,0,Normal
2,102.25,58.50413625895132,1.3016792789171707,0.9503221700975278,-53.103935706444204,50.890271382016806,89.67864578023219,0,Normal
3,102.75,40.07803827384407,1.5854377541521034,0.9978765911980938,-57.55599216349562,29.520624610025013,54.707840315965925,0,Normal
4,62.375,48.06239573720629,1.2827580688308102,0.9469472401488883,-58.33930256389203,50.54782957912657,84.68148983023829,0,Normal
5,95.0,48.93712827149329,1.5809793753961705,0.9437191825026653,-47.30071383638824,54.74360703528376,44.53232845240715,0,Normal
1,48.25,32.78037899332471,0.6243025683127071,0.993456639969822,-57.334315207155974,46.80516493144712,72.99823220435863,0,Normal
2,92.5,46.44394004399638,3.3241842268716626,0.9288598756255166,-55.129980156911834,48.54309045474964,66.71057759338524,0,Normal
3,112.75,53.56833219294007,0.9869419168547867,0.9807665928091706,-59.333904751501386,54.832458026766204,70.025794331995,0,Normal
4,34.5,51.11582588260569,1.2469774926683983,0.9990452453322219,-49.264609932857454,43.16443751577836,90.94128610363899,0,Normal
5,52.75,36.11068949804722,0.9265149245116383,0.9921036808619719,-57.051036862018165,34.23659146048748,87.92233859857694,0,Normal
1,66.125,38.09907902747562,1.930996124415178,0.972133433496514,-54.72777906911351,50.12592502228167,83.17960114818663,0,Normal
2,80.375,51.324751915393165,1.362798158130368,0.9451248635994186,-59.93285659880677,43.434573325348936,55.0534151723104,0,Normal
3,107.0,50.06281949906169,0.8253347429319475,0.9403457584942654,-45.24680815317497,42.4358627116287,90.15002457773504,0,Normal
4,71.375,26.966730563859077,1.95981835635704,0.9855404083897169,-59.17008518152554,32.609066665421146,45.36292308551314,0,Normal
5,33.625,25.347254833812844,2.0541544035459536,0.9903857531161356,-49.58514938188897,47.690028087486596,86.93310691073333,0,Normal
1,62.125,44.38774350918763,1.4531865728659132,0.9620347930036555,-56.45008699286482,27.450018275802886,58.04880397944843,0,Normal
2,75.125,40.282777146502674,1.0354618340325463,0.9395471952629173,-60.8756518983172,52.72861212383984,42.957477141409086,0,Normal
3,102.5,42.61359021469034,3.033746203891802,0.9290354566728939,-49.00562472070278,34.77470382311454,76.81463413324116,0,Normal
4,74.375,41.709675274721484,1.7380473413676616,0.9269743574265465,-58.32786421941914,28.833239583699715,52.72039605737755,0,Normal
5,43.375,52.87218835650472,0.6081517105326735,0.9775261957883085,-47.69613305204378,38.27099599307256,53.396411922554755,0,Normal
1,77.75,45.8285446755388,2.4898283227019378,0.953609498227818,-46.69485630164354,26.274097277695994,56.83259414258244,0,Normal
2,88.75,47.141088113304995,0.9009576754112002,0.9924287899422296,-47.80352329217448,45.538785827948985,43.50266221263842,0,Normal
3,85.375,34.26149738792005,3.4193148381889413,0.9791737040581411,-64.29984170386389,52.081165313360685,49.741992930903976,0,Normal
4,95.5,18.087235788293512,1.5557605002693107,0.935300833433167,-49.25253309989789,50.11789021415527,40.282679517205814,0,Normal
5,36.25,53.98833425353213,2.2093212252387473,0.969102193505256,-56.77321067001712,28.82108420343643,64.49752366081827,0,Normal
1,57.625,62.1456415049111,0.043987707407169285,0.9548404363518528,-47.525541596355495,28.788134113231955,44.63404575798842,0,Normal
2,42.0,42.259289054154834,0.6011013811370259,0.9661799784614891,-52.24091474630522,49.40303446972792,77.54589327743093,0,Normal
3,102.125,46.99451633297564,2.4337017338325,0.9790455298670814,-48.32713731712083,52.72762823809347,52.95925681554066,0,Normal
4,80.375,47.59614653099644,1.722470545940396,0.9844956704803033,-55.01136460266329,38.82009489500467,91.89657792193475,0,Normal
5,32.125,58.40234599734576,2.929677495899851,0.987498986112538,-54.29948990802134,39.96913350741298,87.91883950692589,0,Normal
1,80.625,52.11187435421723,1.8396225736607124,0.940317989965762,-62.11224735732665,34.54786124157178,55.919249223251455,0,Normal
2,102.625,48.968513865807,1.6017073678187277,0.9224892479933886,-49.320252826212894,51.82795354769242,83.07685000611733,0,Normal
3,45.125,45.444577255551735,2.6995017935755437,0.9791435788131818,-56.61220776666057,44.34708715877068,84.17846975656434,0,Normal
4,91.5,45.48186337191274,2.207095899457811,0.928507498100462,-54.99839763456835,33.64754731502106,94.26097127629257,0,Normal
5,119.75,33.484307226930156,1.3626171605065975,0.9451935670890375,-49.298045718085845,33.96348613162755,72.88119927651267,0,Normal
1,82.125,41.93209979044191,0.7341271296510871,0.9203053707299478,-53.02309199841122,51.73600219190807,44.50811540540142,0,Normal
2,123.125,52.089615729035,-0.1601309653358458,0.9745335585921296,-60.97802545114665,25.409020717174645,75.57604759095095,0,Normal
3,101.375,43.13037456548796,1.1936340311381064,0.9333705609176978,-53.195346816982145,34.681797181799155,74.37388616068193,0,Normal
4,52.125,45.354804459992536,0.6695654333450396,0.9724225927753327,-56.84734284040688,41.63070043649107,75.10928175812376,0,Normal
5,57.125,35.59098017608743,3.3183932502640685,0.9993394093734271,-55.609489159122745,29.44652386297974,56.893010645731636,0,Normal
1,65.625,48.56405521025108,1.0447403391509813,0.9258136697288013,-64.43377451194664,27.762962625987694,87.28237717941832,0,Normal
2,65.75,33.305946751714224,1.0256036960624686,0.9261662409561169,-60.79941300967437,49.458289932716795,92.77097006254766,0,Normal
3,88.875,47.31906249229701,0.4351285877879483,0.947230407413334,-59.37923837237943,51.832131659455214,51.974188213798335,0,Normal
4,89.625,43.50220034920949,1.3135778700341076,0.9893109211401073,-50.74079984282388,49.708192623945685,44.84836869751545,0,Normal
5,122.75,31.05371802230593,1.0348255492504512,0.9372423895033066,-64.7701505340377,51.96363669212043,50.699426824266624,0,Normal
1,63.375,53.555823616326954,2.7164106001211215,0.9488302255944279,-56.82445477541736,41.59335913175114,85.13036765906453,0,Normal
2,119.625,43.689077892296254,1.6179333115904893,0.9254804325301584,-46.51946259148534,49.36774362971026,77.21545491509161,0,Normal
3,68.875,59.88622443295333,1.4937951841405357,0.9810524233007112,-62.76238766901752,36.52127915173301,74.98260382865197,0,Normal
4,122.5,56.82601691857971,1.4057290721421816,0.9526645074207561,-54.67151223562778,44.988035844371154,62.09862243101835,0,Normal
5,121.875,37.96425727802595,2.0503224441324415,0.9807398986448674,-49.269552352183055,54.66506594167494,71.78053843312897,0,Normal
1,125.5,38.666240170755366,1.1833702840558495,0.9922886275477436,-46.149373849597666,31.771831715173825,56.933076890090206,0,Normal
2,74.125,35.62418516439644,1.9670442654722868,0.9386210517681032,-50.06446720932564,36.69699238873242,66.24600436798787,0,Normal
3,38.5,32.308291052589325,2.6297788745092108,0.9845916824271961,-50.588689027111876,39.40142131930257,83.61846656038608,0,Normal
4,59.0,41.62258260039202,1.8220525072097526,0.9247275112062603,-48.47023819608475,29.14046461060155,93.96828786005042,0,Normal
5,127.375,56.54997767748609,1.3251881020224054,0.9919077910544198,-56.075975580449125,27.431158313951705,91.2868907974391,0,Normal
1,55.375,29.680741043123824,0.8325785803196691,0.9720614838046998,-48.88310934764334,49.891685989648735,91.36262685654368,0,Normal
2,79.375,51.81555574051748,1.3074132095570479,0.9899381379310681,-64.84071190509098,54.30383118482759,62.12230541659118,0,Normal
3,93.5,51.146715634440035,1.8941552117807996,0.9200150719645266,-46.5087788924639,37.14175191488976,65.7834434278735,0,Normal
4,37.0,49.43754235378903,0.4272308606578752,0.9335264856284794,-56.133869809656495,27.629495085839597,78.80994680029399,0,Normal
5,51.5,50.865386917954815,2.082079930396498,0.9511807509941194,-53.932396242685044,26.974352820717293,90.72055604282063,0,Normal
1,33.75,36.166225691622934,1.6453288817596452,0.9503602322699776,-59.902355021702355,51.73954619080896,47.809684264364655,0,Normal
2,40.0,51.092574730380775,1.395567588168897,0.9381384306338809,-50.14938334319157,38.914427491830395,56.73330251049577,0,Normal
3,97.0,40.60593454767144,1.0384106119842984,0.9505289551893761,-63.467283870495024,34.60081949687176,47.65857645267602,0,Normal
4,74.875,25.326453103371612,1.166535609321443,0.9303078969600205,-47.5472839490633,39.293838137181986,73.66046914777004,0,Normal
5,48.0,45.459303582050964,1.9181142290257154,0.9530208903412821,-48.43766341987315,34.54912284077042,56.84655482881456,0,Normal
1,112.875,38.24713814073003,1.4102519317334226,0.9841883463327411,-60.678797675104676,39.6710732592286,57.93593188819154,0,Normal
2,90.875,55.87053306666183,1.149202022905001,0.9583256050482681,-48.81351203429475,50.786691907538106,43.90037777183886,0,Normal
3,39.75,42.70922787067264,1.8279944453600656,0.9214400071156172,-49.27284533877037,42.76904113186287,59.23878339941756,0,Normal
4,49.25,45.36486271940476,1.8557328442444911,0.9537155233263398,-52.35566804492102,45.839613184305264,87.43730790708719,0,Normal
5,94.25,48.11343660915632,0.6255774570731666,0.9221740012872676,-57.52959646200625,35.9401202870301,52.81900465399592,0,Normal
1,106.0,42.860794896932966,1.9000364876038893,0.9972994728565439,-59.57002491636264,47.15517635531556,78.23531064155361,0,Normal
2,80.875,44.16927106056001,3.25118874900231,0.9301963167538295,-60.364328194213,44.99851254638117,74.6295589716226,0,Normal
3,116.25,51.74859218224275,1.828734552562853,0.9766150661064495,-58.627820744727856,28.586859932561694,87.49165346030134,0,Normal
4,84.25,36.46942817408025,0.3106949566094326,0.9978221058313669,-46.9288311313494,42.17928559346754,47.275837120807104,0,Normal
5,68.0,39.3854924597792,1.6241627742876823,0.9860831241333258,-63.44718448022437,32.70230488929274,93.76744781897737,0,Normal
1,79.25,37.26311156319227,0.21842923806442083,0.9759452300100963,-48.42257447494083,49.12287008900778,72.04457553222011,0,Normal
2,93.125,56.49403738039643,3.7171601704449118,0.9871568727600614,-58.02219849916353,37.77813125400819,94.75107837907478,0,Normal
3,60.75,39.38640018393736,3.0649722808891315,0.9985438954608502,-54.568012079772835,54.840524955894615,90.13330992262179,0,Normal
4,37.0,43.85373393026336,1.0338430620432226,0.9697075597802823,-49.110287327030186,27.775013138168912,52.18344996622082,0,Normal
5,35.375,40.19516255000332,-0.07196703929568526,0.9647347845463461,-47.312469059540575,48.41043588220475,43.08891054468222,0,Normal
1,48.75,42.534576373801706,0.885140169035051,0.9702590488370625,-58.10437159854706,45.211052006264694,54.06015015874488,0,Normal
2,57.0,39.10056426818574,1.3733064827421935,0.9626140709409244,-55.76313037449779,48.024964917721164,69.01600069496808,0,Normal
3,36.0,48.70179450912895,0.2666953805721832,0.9708071284727775,-56.70967870366415,34.22589386471369,49.43780018858545,0,Normal
4,37.875,36.67319877376083,1.4516842395026406,0.9559873766378048,-64.73497932992179,39.76163468147202,49.21028594848937,0,Normal
5,94.75,34.18039556072002,1.368694935010824,0.9374754546306646,-59.08114222282687,48.89525559171125,65.44264509078343,0,Normal
1,82.75,40.532637044537914,1.5876082879440219,0.9296197781209341,-55.816215325348765,31.97623994862565,41.82973841431471,0,Normal
2,103.625,38.614118255747734,1.660751623856586,0.9254672748425808,-56.778127822391205,31.780995903659562,46.703844539274876,0,Normal
3,122.875,34.29724140953297,0.824067680085994,0.941065262700256,-50.56141544968641,41.53152859884797,62.87237366743712,0,Normal
4,44.25,42.41301760797439,0.9026101721752421,0.9236898851468588,-57.30392765557794,40.706907385895676,43.472145006438154,0,Normal
5,117.375,31.719060635549333,1.531914515129035,0.9653736623935508,-55.21247102058659,33.46787411238799,61.821528105054114,0,Normal
1,122.625,58.82198101947407,1.058305509088237,0.9427062757618816,-56.40782815735273,33.942269515744684,66.07034462716447,0,Normal
2,100.25,33.05918908467446,2.135246337892079,0.9859627846469625,-50.18747702211259,33.33535489619696,64.8196637740213,0,Normal
3,124.25,39.82960400559401,1.5251261848373898,0.9259392698390709,-47.74055202026075,48.14536185995463,87.8046171571698,0,Normal
4,108.5,41.771560345224714,2.805502263798232,0.9381081195473189,-54.36221841984972,44.55702596687382,69.15343502784529,0,Normal
5,89.625,58.47747971684497,2.074337706789858,0.9784196917672117,-49.21135611609618,49.97251550230758,65.73892543629239,0,Normal
1,112.25,31.157477516606576,2.2725997085734186,0.9679046637106793,-59.06426635960299,54.26419084942066,62.58900849654164,0,Normal
2,32.5,46.136400735340544,1.59279624757535,0.9251593016999334,-54.17260779685463,39.224928888159596,84.96928580674674,0,Normal
3,59.125,53.297267719557,1.6101530509032076,0.9901791565729761,-58.09540092660055,27.000816442163465,89.22811321999083,0,Normal
4,94.75,42.522055172139154,2.711924405936424,0.9901809410260943,-56.71598148856339,26.44276931236106,86.92833580584147,0,Normal
5,127.75,35.64146374263193,1.2351949815240795,0.9464326403100619,-50.35172270374663,33.869951178148575,77.0450617972265,0,Normal
1,81.625,44.13612028517553,1.8827455479156676,0.9472324674679652,-47.36675035334575,52.97633768057352,47.554896028277085,0,Normal
2,81.0,57.21681007913982,1.3136337274869796,0.9991222686680139,-62.57009217824469,40.69639164912625,55.22784832206067,0,Normal
3,57.75,40.07371324185831,1.311954759128888,0.970094093727451,-52.30721487025239,33.15359548240387,42.53346850250876,0,Normal
4,33.75,56.489467744622125,0.6817726139807961,0.9625053216454448,-53.35712384844403,36.97500383533058,91.19532412445628,0,Normal
5,101.125,47.06933529608173,0.9802399544001416,0.987052174684154,-62.631699216481366,42.95785322214012,76.34391913300007,0,Normal
1,89.5,54.86011369389001,0.8502113840084847,0.9428232270685853,-60.762113391197815,44.588489744135266,81.04995863722829,0,Normal
2,118.25,46.74946473820913,1.9160581662462186,0.9543346074717086,-58.779950105346394,29.617585293487153,57.13644567702259,0,Normal
3,103.75,41.124994464245574,2.2281441497565635,0.9414221340390667,-61.66137858364997,54.31095029635528,86.51094372525384,0,Normal
4,124.75,58.110879890991626,1.4336726384951182,0.9831328677270985,-60.12541034951316,41.34316680948366,54.27818060396632,0,Normal
5,62.0,46.80188282244483,1.6607395511145573,0.9658679476508174,-59.64798402276585,29.07064953376838,40.090406641184735,0,Normal
1,102.375,46.33143628642529,1.3932700514264327,0.9727060056112057,-58.28652333921881,51.80905760038401,60.702822938638164,0,Normal
2,43.875,51.46044505284343,0.9324568560749105,0.9401845799871525,-50.01219094397682,27.239152932382865,71.39188145274903,0,Normal
3,123.625,52.39321906468428,2.103584117357815,0.9376180241101852,-53.561755922987984,52.23206299532538,66.32876718810374,0,Normal
4,92.5,51.50285171390479,1.9567742856316355,0.9590699703186352,-45.27506656097197,54.89696968866947,87.41418784171285,0,Normal
5,82.75,34.19422437646795,0.1752178102872255,0.9790052599274262,-56.70528346065058,46.012953974695115,45.797290727589186,0,Normal
1,60.75,39.90211574339298,1.3018236991353225,0.9620191806016128,-49.9226985232615,48.113416632219696,70.46028923485491,0,Normal
2,125.5,39.74776838824946,0.8825808611548002,0.9226116542036535,-47.570631572469324,35.11908509402459,68.21386424014992,0,Normal
3,113.75,38.767358166017,1.2263430012343424,0.9894841205056231,-51.42043013923916,53.247305582018015,55.47661401946897,0,Normal
4,53.25,38.023169876771526,1.0306979030676184,0.9251749514812105,-56.762705191650085,40.89141898325103,85.22254619173557,0,Normal
5,99.5,39.63180871079444,1.4675057404810201,0.9964659586976602,-49.92810738508494,46.971653397926644,81.40667607352134,0,Normal
1,36.375,47.687589942833284,1.269059685406568,0.9220113566621818,-60.926657244546305,52.72323147733839,80.30725530325071,0,Normal
2,97.5,48.95527429799863,1.2542015143254126,0.9755560364904567,-58.44895669639735,54.25539927926525,88.19058630482559,0,Normal
3,51.875,44.98691226684722,2.2751718998370993,0.9265765650969425,-54.06629489801422,49.99613069790023,79.75315303418367,0,Normal
4,119.25,41.591741291484645,1.890025062468474,0.9928541263548112,-53.491812254277036,34.0905252094609,52.75127104430995,0,Normal
5,62.25,55.203705989228965,1.0072737447896964,0.9571546588980434,-64.5571704905474,53.996425496562466,78.80594914073302,0,Normal
1,42.625,44.2674715148013,1.1111172870306052,0.9310019019853613,-46.097716224879825,43.843585937307154,56.92365473644141,0,Normal
2,104.125,52.496580162521425,1.8442551387797288,0.9472652559831878,-51.0674545756522,52.919274290558796,53.31960576911088,0,Normal
3,117.125,40.44539095560978,1.8432937001919365,0.933185974027741,-55.08592499536218,45.28315077443055,44.0151976094795,0,Normal
4,101.5,48.3097023996166,1.0773538326565517,0.9336465529245672,-46.337455311833835,34.217168855431616,80.92157191912221,0,Normal
5,103.625,55.73670803444732,1.3362065331684847,0.9958486656137153,-56.21808869498343,36.100735724284476,79.10505290723961,0,Normal
1,112.625,24.129695922524995,2.7927642280608778,0.955619688982783,-45.39128859459257,41.514153313088215,52.89747127207515,0,Normal
2,35.375,39.75931772940737,1.0894163380350599,0.9831041811124288,-54.7543048551303,48.70044524679646,81.21584591982858,0,Normal
3,109.375,49.74993740672969,2.8375632119211494,0.9711684448942146,-62.71428460004041,34.539476540210046,90.48124857014542,0,Normal
4,101.375,54.702520589461486,2.2725668597680633,0.9741141089870714,-49.70398055081446,42.39193498402577,45.94159266203686,0,Normal
5,74.375,46.62490838357205,2.7077913925388257,0.9305354750777631,-51.42204549844319,35.36874980729205,52.79501511127262,0,Normal
1,73.25,45.396581834395235,1.0596496195513998,0.9387347557452389,-49.54026557388826,49.47308213905322,81.26434367480235,0,Normal
2,111.875,57.8846277057864,1.3820108881560673,0.9829400268123549,-45.97115942548638,39.001842813038515,55.097867042889305,0,Normal
3,95.125,55.19194712471055,1.185585333857106,0.9976612965179826,-49.47021394697964,27.301684805586557,74.35651858560442,0,Normal
4,75.375,38.0513445036184,2.288727234348342,0.9410140514078922,-52.773267955667066,29.981575644446092,44.4640323455043,0,Normal
5,91.0,45.93128784096606,1.1026213591295373,0.9417255011800832,-47.85382195278318,26.833140028588968,64.87113635069463,0,Normal
1,60.75,47.88135201708412,2.0118508453400112,0.9578317706248725,-51.53507121290937,39.97908838042976,80.65002820961243,0,Normal
2,55.625,58.74879499210949,1.9748095878344287,0.998707225028435,-56.83761886348154,28.190118920446814,77.7582668673789,0,Normal
3,60.0,51.92856412834239,1.4663793285000764,0.9415167156661177,-47.287604715164534,28.424199079288964,84.82896553716938,0,Normal
4,80.0,44.17139120078701,2.409061813915035,0.9525577527707412,-60.56199078431254,53.23144780115131,88.25986696317429,0,Normal
5,79.0,46.76059463042897,1.5753759088086237,0.9913184012498806,-50.70717450182552,51.17965216528167,82.5250925692317,0,Normal
1,67.25,29.928932086128853,2.083860003025812,0.920233682609709,-47.36873090118486,38.562597904340976,76.93732586164093,0,Normal
2,111.0,52.74902787701876,1.1537076417575522,0.9231812771990856,-50.373669605934076,54.57415962550617,41.744737049881714,0,Normal
3,110.375,50.16586230978598,0.9935942301252224,0.9683257341656976,-51.05449161892286,25.005595845119892,69.42316703751942,0,Normal
4,125.0,54.69725146580082,2.0118018704803253,0.9925904131770278,-49.94723411856328,43.41938368820181,42.073374870316904,0,Normal
5,64.25,43.84760561380384,1.801588171033624,0.9391085328321542,-55.698895033987114,43.4928453211561,84.44372994138124,0,Normal
1,76.75,46.024328548467686,1.670315364889856,0.9575713419744567,-47.51658635685948,38.72329167609665,57.639848845297664,0,Normal
2,120.625,41.1492932057622,1.2594181564435516,0.9560372241326255,-60.93127049727818,36.90843918802879,70.93361557648565,0,Normal
3,88.875,35.815560750754074,2.5844466335684126,0.9578377076876409,-62.45227167999322,38.66149406441823,55.36949190253964,0,Normal
4,83.25,40.18195037694259,0.7183899370223071,0.9698015756583797,-59.28982439762977,37.448813082390416,83.03750794091616,0,Normal
5,113.0,30.445596403760568,0.6800598931883196,0.9575795010392547,-54.36845206450013,46.91477432446898,88.75763896530464,0,Normal
1,71.625,52.31684412475268,2.1595165536146803,0.9557974513057966,-54.788764091813235,29.06066304919852,61.92533718171852,0,Normal
2,116.5,27.600939978775223,2.102067468900149,0.9579430736345008,-48.58802484646827,30.929176617733905,87.4607316431044,0,Normal
3,60.0,61.25714020767376,1.7476339452943075,0.9672693953016833,-56.90862687191965,30.41554685177271,54.689125410098285,0,Normal
4,61.125,30.886984805599344,1.2984334446680355,0.9629605990681087,-55.31311147416983,32.87411755363794,69.40635076915382,0,Normal
5,117.375,56.999109405401576,1.8516954904332885,0.9883308798120404,-64.73264633481209,40.7577525634475,87.23187864112872,0,Normal
1,114.875,37.7355676514365,2.704581207983674,0.9239597482794933,-56.80521527114122,28.33626242014656,57.92347384386847,0,Normal
2,78.625,49.48826453976849,3.2608823455119573,0.986665365717841,-52.04451534099316,51.045078859795126,92.4723245792947,0,Normal
3,115.875,38.98042639738505,0.3405104061673905,0.987513969008938,-64.68983338746816,33.92084593925417,46.7033725979761,0,Normal
4,107.875,58.38998527513106,1.2067559165260175,0.9427926417224769,-59.38236069627513,29.876139624061235,41.00512883479284,0,Normal
5,90.875,45.34962134467419,1.1627587159106123,0.957028156401268,-60.840872814212204,45.268639287947295,89.72744439180049,0,Normal
1,61.0,53.589456096790016,2.6385636301897772,0.9550830790829948,-64.16029142180824,26.142589017979578,43.77567663813297,0,Normal
2,118.375,45.60838431917108,-0.23690649059564106,0.9374807867483305,-55.414798201709246,43.59905694622493,94.55390577711205,0,Normal
3,46.0,47.82367980431121,1.8596846351458822,0.9517437477669053,-61.36553413543687,45.94595292029499,92.32682740885085,0,Normal
4,94.0,49.928853232158,1.3202327841066765,0.9235510217736684,-50.1383692073724,31.447495941601574,47.53615005199764,0,Normal
5,87.125,40.770208116002365,2.646678924683348,0.9422257658225388,-48.041442324733026,26.25892220330903,69.56715441309112,0,Normal
1,102.375,34.75767097411796,2.550727188003122,0.9853345740360575,-54.08829634661704,35.909360767583486,50.17061636069294,0,Normal
2,65.375,34.587173394064,1.755854714378685,0.9427649841410318,-45.36585314957717,27.957826907258095,63.54853451665659,0,Normal
3,95.625,45.40674055308924,0.3941938505017424,0.9854565334998598,-55.990428570588094,28.49433549020011,43.3783821092908,0,Normal
4,80.125,41.090879316895354,1.0982773623654067,0.9625279571683545,-54.73263579550169,32.62783694334594,52.315852328812426,0,Normal
5,80.25,27.833145921200465,1.1749262463703831,0.9903890141888928,-45.215644920844994,33.86403773880278,59.980003801939475,0,Normal
1,46.0,49.103530006331965,0.5714816438825747,0.9659823643411533,-60.369031280699026,40.89911023064262,64.12561251353301,0,Normal
2,108.5,35.252082869707316,2.308208997301559,0.9223734578451792,-46.149081206461894,45.3517565650904,93.76229420148913,0,Normal
3,110.0,35.71739979784555,0.4826014519079158,0.9740336166037672,-64.14324889761774,42.783128226105546,84.43261051261896,0,Normal
4,42.0,44.666991725704605,2.8757292559175984,0.9235882854418855,-56.072262194736105,29.450810118685503,80.55754693715704,0,Normal
5,119.25,37.799074735408695,2.873975843831821,0.9560477615186508,-63.599929757338685,30.16258097357879,69.53727231080859,0,Normal
1,46.0,45.980043986716154,1.2304578166983458,0.9943541355578491,-50.41530514172714,51.363077493787436,86.19987683323889,0,Normal
2,32.125,60.787687132820466,1.7299467590908713,0.9332163151470281,-52.831821282399645,41.75056945192341,58.66275596106411,0,Normal
3,112.125,41.96753883054143,1.449401565350703,0.9511897882353235,-50.867314730648076,51.098134986930674,78.9894512025324,0,Normal
4,59.375,36.52336683026681,2.131277360253183,0.9783888247078782,-57.51039200063966,36.14639533959623,94.65811864579946,0,Normal
5,102.625,46.45205582101848,2.392274136995331,0.9905806844875878,-57.610361319372394,43.43200022293971,57.30458999143593,0,Normal
1,123.875,38.7981456506585,1.6805978944840463,0.9736754403794007,-64.0936144207821,40.70990248163832,77.0709644186182,0,Normal
2,60.0,45.19001185598198,1.828381696846744,0.9406538603352935,-58.0011012094072,34.57370469461388,86.43731752838104,0,Normal
3,80.0,47.52508781344991,1.0655770152423387,0.9739686282332973,-46.41423195475881,39.09746116100786,90.36941708428697,0,Normal
4,82.25,44.71842449230013,1.805699776823237,0.9437382112883272,-57.41546925639102,40.07472630480796,79.48629800170559,0,Normal
5,111.625,45.452471596713345,1.6139334552467866,0.9774743383854988,-48.3726458755606,31.023129242700357,55.59843578794249,0,Normal
1,48.125,46.536723045061194,0.8617438578740503,0.9963226502068032,-48.15348990500132,34.45031117130195,57.945518336292054,0,Normal
2,38.5,57.77690178016648,1.4901740234598222,0.9777114760885031,-57.53517687241532,48.74229251520927,41.141691766818035,0,Normal
3,117.375,42.97664556714404,1.2317722374097488,0.989030440232993,-52.36022639207622,52.47364718362381,81.84872877193303,0,Normal
4,123.125,46.01947525334472,1.073353092727359,0.9201683074540707,-63.09256795453883,35.79382280635898,42.35067833340732,0,Normal
5,115.875,51.934792506737146,0.6974561546803025,0.9774057699785276,-62.92642838531447,34.20916846627055,87.555879503151,0,Normal
1,120.625,48.76829465134417,1.5437519132746331,0.98636700454922,-64.02684672676574,30.855914937156477,46.526333796099635,0,Normal
2,83.875,42.13432639607377,0.9536681955722596,0.9232446990035745,-53.37969813249781,45.35473505951744,49.453208167475836,0,Normal
3,62.75,52.2149074961431,1.1702242793881106,0.9897278181830584,-56.47858044747806,34.69299104999012,66.20895589577304,0,Normal
4,86.75,38.03002495108056,2.2525869926521023,0.9405355382648037,-54.0393528667152,54.63248617297565,80.58342283428084,0,Normal
5,57.25,43.18600458161419,1.9424812708878645,0.9732233681582444,-54.57853618983224,34.7705440619186,47.64512128594927,0,Normal
1,54.875,38.83130767596448,0.8148633464971227,0.9840283903218725,-57.99594017818539,36.82408140347884,64.20390912865741,0,Normal
2,47.25,49.60939679576881,1.7463237475345053,0.9730131610447484,-51.450531703530544,43.10002588636104,66.55682009255577,0,Normal
3,82.0,54.516798250277986,1.5929464887849087,0.9273827833658607,-49.82996238167219,49.05052879573915,51.675710291772525,0,Normal
4,127.75,46.78668926957084,2.6911873459734226,0.9677057215088295,-64.70743482244649,39.08555996036901,46.35571071743475,0,Normal
5,68.625,45.6021275674335,2.468201500610592,0.9639666925377715,-60.855154004622435,37.67968101366875,86.00315076421018,0,Normal
1,66.875,37.999930660335394,0.4263758920031149,0.9920257014459417,-50.73528263833326,54.86913500784425,67.6356107369521,0,Normal
2,108.125,39.37959106303869,2.102789368271021,0.9523391783715368,-57.267596547323315,25.314809234198332,40.79096797912841,0,Normal
3,56.625,35.453919074892596,2.385638076136589,0.9456864877669641,-51.75032106116784,51.851958665537374,84.16397157200072,0,Normal
4,95.75,27.58654888582254,1.8915514461098317,0.9799880611549173,-58.06074680530883,29.474224778192124,93.94365929780216,0,Normal
5,125.875,41.87172799015607,1.2652114994140664,0.9530140260866717,-57.18489695340726,48.5777582862674,73.3259407477836,0,Normal
1,49.875,42.61515784517628,3.1893757405819954,0.9716876940004051,-61.8264225262063,43.53794679538894,67.70396128962389,0,Normal
2,108.0,62.382738362986444,1.9559864966489156,0.9717160072099685,-59.835379606676796,35.25541856494276,88.31287246747289,0,Normal
3,57.0,57.50250852966489,2.883580991609759,0.9910431251488094,-52.89176484984826,51.21624866563055,92.38842343265293,0,Normal
4,47.375,49.44512191706828,2.446034900631455,0.9678953921855278,-56.33673777369667,25.387216839429758,81.49953037463533,0,Normal
5,55.25,61.675817844332514,1.8248942621563127,0.9601722887969589,-49.513946341108095,31.80071956224771,64.49991113538583,0,Normal
1,72.625,56.1272279694822,1.0942093619684607,0.9311097061117214,-47.94830090123315,42.00678388748608,72.57217696322923,0,Normal
2,89.875,28.93945582909781,1.4831265852932491,0.9292590085342964,-54.167071635664804,35.54626780149094,78.55144507598996,0,Normal
3,75.5,53.539649377878014,1.3446612830445128,0.9323457252226464,-49.83465415887882,43.31132485954983,50.68504640509908,0,Normal
4,114.375,50.691634121558614,0.6498367310455111,0.9337478785061676,-58.8619097361086,25.723305802260004,64.59605677190409,0,Normal
5,127.375,42.68497642293847,1.955197102471792,0.9710301674130908,-56.70057569199844,28.493767914451375,85.64016955945067,0,Normal
1,82.25,33.67837984385988,2.5971471013715863,0.9792785000219663,-50.74444647566338,28.812887206553178,76.00989416741436,0,Normal
2,75.125,49.763209085683386,1.2911875538139872,0.9623993218341135,-57.27576014365938,30.67850937748028,62.61622369665197,0,Normal
3,95.75,28.36697821620403,3.014559549457316,0.9863214186036393,-53.22990129682022,38.779943224016286,76.48493937080747,0,Normal
4,50.25,44.82820030100272,0.4096920498967864,0.9993010581386906,-61.29254441834977,47.563860986307134,46.502232663985296,0,Normal
5,50.375,40.063276733704996,2.2380544838710423,0.9856010103295485,-53.00457370059004,52.16616513786703,62.082368581068195,0,Normal
1,120.75,34.92926366758244,2.6700641647837866,0.9755905898940768,-47.76972585546213,50.06117590852738,83.6220695879681,0,Normal
2,93.0,54.510408061217646,1.3571785933132576,0.9625994159549718,-47.62720720353148,30.906636153270508,52.12798329251564,0,Normal
3,111.875,44.66953255535382,1.3697604463999835,0.9559082457339767,-50.51311187340921,38.23451656691897,50.22788291565797,0,Normal
4,100.75,46.39173063335656,2.2299356230910807,0.9267513904435635,-50.08493241847748,30.98234793275605,92.29502629540373,0,Normal
5,74.125,52.26297557793942,1.854193776971674,0.9519494998715753,-53.841451096985985,32.93415450001572,51.54436962724269,0,Normal
1,112.0,44.929675549573155,0.10181205957834516,0.9928107709425708,-53.30663819668351,40.10640944535658,54.350521880759246,0,Normal
2,91.0,48.61128958917998,0.9096387918224335,0.9846418103925243,-62.32698837178964,27.043270741705676,93.32887663973858,0,Normal
3,50.75,51.52681296391272,1.4905153163667781,0.937284109200935,-56.12281623157398,31.545229887798197,80.40897136457642,0,Normal
4,83.75,49.534047415350614,0.5412112742204532,0.9573286227757773,-55.984474322272725,53.06134483921352,78.47780931629404,0,Normal
5,69.125,47.28784132950627,1.1680779784990674,0.9853378562046836,-45.83004328664519,38.983488779754666,86.91095111200198,0,Normal
1,108.25,59.26490268300046,0.5587202023292461,0.9253907643828418,-56.37826274753421,38.36159577933617,46.37026952302369,0,Normal
2,64.75,54.93576478407885,1.2408805586126268,0.9509914068534928,-54.013147101944845,25.437014642538365,78.8275930119004,0,Normal
3,127.375,44.31389464613733,1.2643640908751874,0.9881472989499158,-54.33497201441795,32.421992411750374,67.70287351305313,0,Normal
4,49.875,37.722456398812376,1.7462282736155994,0.9523118291336099,-52.26476565911346,50.98877307946544,85.6032852156277,0,Normal
5,75.125,50.10898919870115,1.4357684732003495,0.9262091715785153,-50.03534337336208,29.93885284776006,67.94779452658568,0,Normal
1,109.875,46.72688518551204,1.8519528047285294,0.9634027494825801,-60.499162476582555,37.453748186041636,74.11327448479017,0,Normal
2,103.375,58.67196530551067,1.7684808052317451,0.9889393995934637,-54.42551161803129,25.429927176010036,66.27581695197448,0,Normal
3,32.125,52.89994404560578,2.221937995985017,0.9672228434362528,-48.481645853679396,39.350064450116676,66.29874079557143,0,Normal
4,69.875,51.113635104015266,2.111648128672081,0.9381023286571386,-55.737705723249775,25.630633201786516,82.23834879340073,0,Normal
5,63.625,45.10361230363276,2.0376866845943016,0.9507391696109906,-59.43084907252854,49.588286591974,74.57115203560058,0,Normal
1,113.375,37.99441006666206,3.673407199926705,0.9560098688945546,-51.90581849287402,49.74561302461311,74.82947608851757,0,Normal
2,88.5,43.41629625038948,1.7431818456496302,0.9663413083056421,-48.52465208401754,48.632265649071094,64.76553661073392,0,Normal
3,36.5,48.814624754592884,3.315500052701203,0.980748082060209,-63.73719414145217,33.500922066733544,69.21102229856402,0,Normal
4,51.875,31.163359255926835,1.7885528815707534,0.9279098894112509,-49.464190331855455,50.11711654665454,81.0144716412633,0,Normal
5,33.0,54.93371167721875,1.4420043596358756,0.9911721626414053,-48.567041340764575,41.28994397815808,85.42675055115551,0,Normal
1,61.0,61.53635201401104,1.2387843724507621,0.920984776241286,-55.76954144822786,36.21424326601007,78.31087711792253,0,Normal
2,44.25,29.440485677034005,2.5568080589139006,0.9496041867739404,-45.33388686363065,43.759898791126986,90.82401438651257,0,Normal
3,114.25,33.798275591891716,2.6483523750215565,0.9221936247978126,-49.26583318585382,25.37023138181122,85.11782484809605,0,Normal
4,57.875,46.83729971386512,1.9198486991753103,0.9514379380276233,-49.526748702086685,29.288826328022566,70.90250843952352,0,Normal
5,48.25,40.33935267492053,2.2934827421518937,0.9620650079098659,-50.043228511758564,47.26880614510789,76.92733399540552,0,Normal
1,82.375,47.087251470653385,0.6059456738538418,0.9609345109265209,-61.987837935634516,32.32484826148459,90.94695523066578,0,Normal
2,50.875,44.426607707540505,0.41585412424145174,0.9332502677622613,-60.65538227093978,42.94027351986249,74.05424243336822,0,Normal
3,38.625,36.80945184408756,2.3724288200582175,0.971659240807649,-55.7201973707115,36.55307808469089,85.36438213889069,0,Normal
4,46.875,55.30725072142792,1.4112319514678848,0.9235822760403735,-59.719913000810685,50.64417336397784,77.88457769744929,0,Normal
5,116.0,48.716132841942795,2.024511692178252,0.9809525456105932,-56.69518055331919,53.57245917989931,70.35649985832566,0,Normal
1,110.375,40.52206420217382,0.9978984350307454,0.9957315547194837,-47.23071780154159,51.50694185110571,53.30110074784442,0,Normal
2,105.25,57.04020091728657,2.6598919287933427,0.9471815061720894,-48.51346216241461,33.1185998408079,63.429863570763544,0,Normal
3,110.0,40.93275236084998,0.42170692967767476,0.9613791505371466,-52.39920243040036,30.82488607138247,93.22585536585436,0,Normal
4,84.375,35.065275866355734,0.530090439462118,0.9503128222447051,-47.83759211497793,39.23304680862205,76.17709607999299,0,Normal
5,84.625,46.46809458470189,2.511018108598641,0.9205368312243248,-49.32455221965502,25.220024525085407,71.04174591864444,0,Normal
1,44.875,47.82526098578133,-0.32688925508803024,0.9508699602316093,-56.42030136318219,25.774281785895454,91.31261440405251,0,Normal
2,63.625,49.25533513775077,1.7649982076664412,0.9833376207409077,-60.9786969590011,41.59871918869,72.25814795705968,0,Normal
3,60.25,50.5708090132199,1.4248718030823964,0.9676791073746785,-54.71597919981322,40.61348212495858,68.93453851295716,0,Normal
4,45.875,49.12899782862153,0.9848336565599792,0.9281007931692128,-50.27542234942899,54.8374596710578,81.76209703326128,0,Normal
5,95.625,48.80394913159339,1.3600421059867418,0.9877711591755028,-56.27160802540814,31.055255060912742,79.19660904425994,0,Normal
1,91.0,40.40996959753468,0.9067335548371329,0.9624868275908195,-51.664561804322055,32.743117874814054,50.6238004624638,0,Normal
2,44.25,39.55404580343557,2.5795791622339497,0.9873378689395741,-63.11345147417913,28.4062192697886,65.92195510157666,0,Normal
3,51.0,50.93891933007295,2.763147961853127,0.9664177215028024,-50.03990527257193,52.52629028961234,65.98834935507719,0,Normal
4,74.125,46.9476520855991,1.0199836892481589,0.9647750755870352,-48.74572760213876,48.334337333753524,60.802348338383965,0,Normal
5,120.125,51.56196591589004,1.6928674142279718,0.928420734815761,-50.86324288438918,49.67017334370543,68.45114151837393,0,Normal
1,52.25,31.341782754979214,0.572446470344767,0.9333887786510903,-45.65472824947269,52.08291363893527,62.720906874992934,0,Normal
2,121.875,40.993708940659246,2.251136511302189,0.9977620205197273,-48.466958850787194,40.746999601775144,50.964001920915074,0,Normal
3,117.0,60.25615121528445,2.23290642225032,0.9382789397403817,-46.938125442469236,38.53579574352171,62.680156800107454,0,Normal
4,52.0,49.42026521877952,1.2933164371046173,0.9981961694392294,-46.32857833084704,34.9117442099685,43.975232116524715,0,Normal
5,104.375,47.364403607833225,1.5118195408939268,0.9625530165219411,-48.97304016252383,42.67643843043567,71.66822245259263,0,Normal
1,81.625,50.663394935757395,1.4343641853341302,0.930863123765115,-51.51482315987002,38.62835190369468,86.95100019176115,0,Normal
2,66.5,62.667604206929454,0.367079516423807,0.9279441762202955,-64.88562837278421,38.54696759816726,79.89078963950054,0,Normal
3,94.875,60.98439633829622,2.5822029033200886,0.9367091256564593,-55.68348493553751,53.10783591193417,59.82167220297612,0,Normal
4,80.875,32.36383394149925,0.9631327327822985,0.9940509864020268,-53.57675402755278,54.520945428373906,44.78891630675195,0,Normal
5,48.75,35.315990727445055,0.9678955094194552,0.9531320179462581,-58.91939455104001,48.89453167988742,51.11821695738989,0,Normal
1,56.25,32.09271475559366,1.3947061018767168,0.9516347414394332,-58.63791106193056,47.70274270740785,70.00196872721597,0,Normal
2,82.0,39.0231368884779,2.196884009753595,0.945056500885614,-45.7768116857967,45.41674485337305,51.388139586066806,0,Normal
3,111.875,45.43935438921805,1.0860877494355785,0.9317649480453271,-47.16578269594508,29.98224557000541,69.9185211206732,0,Normal
4,36.0,46.93612115254237,0.13347034501758914,0.9590280957753925,-48.01641988996592,26.773174626269636,52.73794636201444,0,Normal
5,117.875,32.75617005450198,0.8791013574893263,0.9304038226008912,-56.879763965877785,45.72178945339789,86.69081282118401,0,Normal
1,89.375,30.061185389047125,1.7968982933552933,0.9868384189105862,-64.7260289918217,46.86358666769728,61.84993100622528,0,Normal
2,90.625,38.881668904356395,3.032825201466431,0.9496317589020246,-63.39555507088572,26.409189732944192,53.50528442694701,0,Normal
3,78.75,52.32937012483697,0.6180560235387911,0.9499842854225438,-58.756072635647925,52.84155250686544,84.67793991358839,0,Normal
4,34.625,53.722903293549166,0.5924487627634197,0.9579205142786524,-64.68514174008646,27.734219183340326,58.856143064299786,0,Normal
5,125.625,58.64659887470148,0.4411831494128289,0.9555302170532601,-64.65700436169604,33.577016013136074,46.13182283113301,0,Normal
1,115.625,44.741357992599085,0.35429250609046137,0.9995886378447457,-46.66793396715178,45.17169438396114,71.37252202720029,0,Normal
2,36.625,51.625227923120846,2.3439840220570014,0.9636304896974642,-50.87682995761892,30.096177832134288,71.98603124408938,0,Normal
3,60.625,53.07915968839728,2.5462820027550657,0.9270561363031897,-58.82088019863695,26.662476653267333,79.30826213796539,0,Normal
4,77.5,41.02512773861903,1.6244291255062817,0.9685501873261544,-62.347108447980936,34.93439467492449,53.212068826461206,0,Normal
5,102.25,48.10275905224373,1.1726010595014003,0.9321267434295905,-54.76728564209846,47.97914724565537,64.40742365007348,0,Normal
1,86.625,50.26964100567803,2.7538006508038384,0.9224750115785074,-64.89307678291271,37.41036036955781,55.530235547346095,0,Normal
2,67.25,37.72673906331901,1.6217356291595533,0.9976593722941799,-46.23172512283712,44.589187657238185,44.452455486362844,0,Normal
3,35.25,58.13676936885955,2.262605696552304,0.9818831113227651,-56.703697612221056,42.3885729168441,88.21376048587405,0,Normal
4,60.125,44.68950173823979,1.138485740794729,0.9984087193931014,-56.95330089525335,25.66655446076741,80.08783924685876,0,Normal
5,66.5,45.69628182517338,1.5309706979566415,0.9582302758417794,-57.18812784836436,54.6561996113712,56.580468270234036,0,Normal
1,108.0,37.421268960463,0.6338608481870677,0.9625806024919181,-63.6134333922447,26.242842664581634,72.96551460795925,0,Normal
2,67.375,38.76459043297973,1.9404742803255095,0.9334669564735305,-52.233555204163466,54.034082129454546,51.06950834739598,0,Normal
3,92.0,27.427883193343927,1.633656425541321,0.9397525941334068,-50.339927607432934,41.49592535093194,88.9630141987674,0,Normal
4,88.5,45.4412470113489,0.873805737310351,0.9870839371922262,-51.4774920482342,53.894770811952,46.31984888490507,0,Normal
5,114.25,65.04551367713577,0.883224995331477,0.9484948517694075,-62.23129013341212,28.442607982415062,40.21104300292905,0,Normal
1,96.375,36.851044415164104,2.6311709523371203,0.9861451979037135,-53.42319663928815,39.71225557556539,67.61045087565502,0,Normal
2,100.25,68.80957542523979,2.880168125323271,0.9767210979429626,-53.61031031655492,30.085122755981757,72.07203028990781,0,Normal
3,55.875,56.31401010089931,1.3508052643328752,0.9341736740217492,-47.631784241172355,26.529246310673273,71.84309261626925,0,Normal
4,38.0,41.211289752183134,1.5474275009335139,0.9605957092895794,-57.41744683248706,43.525873451869344,42.998156009080446,0,Normal
5,95.875,45.21811763855103,1.7800801322537518,0.9741909857214973,-57.57028112681132,31.233502628850744,57.272409380513785,0,Normal
1,34.0,43.9191975366805,1.603622230711781,0.938802977184306,-52.62945882563629,42.630910548626375,67.45594207627325,0,Normal
2,53.375,58.64931178718169,0.3279915956229589,0.9864550808416062,-52.33854693000974,28.37093445846957,51.91185520949825,0,Normal
3,59.375,49.136125840943684,1.7995094740332702,0.963586212603615,-55.61429545348419,34.95959414298108,87.9944237017243,0,Normal
4,51.625,54.455792388974515,0.03847767577957395,0.9332193640354083,-56.138812753391576,48.44897674159742,44.79101092037887,0,Normal
5,91.5,47.86537476289079,0.9871210661196667,0.9666387540931682,-55.11704658724234,38.11154565526563,66.80614429196235,0,Normal
1,37.625,44.104219835243065,1.8537990026373723,0.9999771043324731,-47.77909400993376,43.83236244692009,78.02788316322336,0,Normal
2,78.5,47.611386920565714,1.919995945547386,0.9320417193330731,-55.7766619749218,44.42373822236638,54.396310507396535,0,Normal
3,96.625,41.74444612902335,0.9329488410533571,0.9853405544095623,-46.201364160603546,50.31265131961881,74.3332405348635,0,Normal
4,44.25,33.382367652232816,1.1790941418691576,0.9365847202550047,-54.91992472807348,34.74768383219924,85.6161832578306,0,Normal
5,125.0,51.5095086076532,1.0843144437010825,0.9825910663568069,-46.01598613638217,45.618866877475526,50.46853363022761,0,Normal
1,36.5,32.99068441325531,1.428009085804751,0.9787662338497131,-48.34336196261849,53.84847421138497,90.44713255036746,0,Normal
2,66.875,42.84932658563859,1.4812439573550356,0.9440391508480346,-57.751373547683414,46.90730003073604,70.44571929642969,0,Normal
3,75.5,41.48108569907666,1.9679276906703773,0.946065849405156,-47.72717157406768,39.69611430153233,56.45776023655833,0,Normal
4,94.0,50.146831448432565,1.1381721959771516,0.9834017113570336,-62.7987343159777,43.92152333475788,63.697205146024885,0,Normal
5,69.625,57.51763667946823,1.7613773343394885,0.956915640950985,-46.49905649313971,47.19048693289324,57.17055360825134,0,Normal
1,54.5,54.63976517840599,1.854911035141034,0.9784654422969448,-52.36712969834217,43.36827297081617,79.88111379633239,0,Normal
2,107.75,50.379400151160745,1.6388025641603057,0.9318387317892668,-63.912185029553775,25.500274404695176,83.79653648783227,0,Normal
3,44.25,39.96102683503374,1.3182759242853679,0.9882046225521243,-52.11486552698377,30.843204930616775,85.81155657752636,0,Normal
4,119.375,43.53224677122829,1.6264518249928082,0.9768707773345855,-45.51504691710488,49.31404651646398,94.21725372721576,0,Normal
5,46.375,42.365810343553456,2.026218191375503,0.9925554247067867,-63.60398690770742,33.17951941937454,83.5206360873176,0,Normal
1,55.75,41.23774842616445,2.0874294074014186,0.9305897903227979,-53.906245804398274,46.94686358683401,73.07612388787098,0,Normal
2,63.5,41.7803911309853,2.770760879378834,0.9674411600288478,-50.04411300481255,36.163606457250964,58.65711641154811,0,Normal
3,52.0,41.566895719459275,0.8069816345856169,0.967929646803226,-48.794828266009375,40.656529844738294,69.95274967909121,0,Normal
4,63.875,41.212590458396036,1.1919948263032183,0.9482768592437426,-56.723450693584084,27.03919899458211,42.2587495034723,0,Normal
5,72.25,52.615064144228434,0.3705719378121186,0.9566773139655407,-60.91666881663514,30.436766831491287,80.96537915414521,0,Normal
1,47.875,36.56290488907126,2.1517066250294983,0.9230385250631883,-64.15315442455233,53.71590890557704,64.5275549800656,0,Normal
2,34.125,39.16420718156935,1.2658447455502773,0.979668803090161,-53.40547685805551,51.70414160340742,41.10127763527032,0,Normal
3,123.75,32.332746231683906,1.6443336874205285,0.9639457983522539,-55.941778594647786,44.56825332697151,43.4378817830726,0,Normal
4,102.625,56.32386242008679,1.0769630013873521,0.924619284149534,-46.02511209700578,38.78933792157212,61.31065551019661,0,Normal
5,103.125,38.6279763307393,1.2713072035155224,0.9744604714368389,-63.7879018457018,45.27283878685671,72.08818354601394,0,Normal
1,72.25,50.28620185377712,2.356233073798661,0.9573425661784951,-51.29209313107989,43.55830867281817,65.53121719236697,0,Normal
2,117.625,48.80255088169845,1.9859633873401883,0.9227569007540001,-64.50067555759885,42.056567668138364,74.05623745106851,0,Normal
3,110.125,55.55070896872617,1.421934559638738,0.9975686181478476,-61.571316465789145,26.775312155906256,66.41618423352458,0,Normal
4,67.875,43.31986641299925,2.037469743633478,0.9959289714471552,-55.928420001543316,43.98407831984521,76.39371150147407,0,Normal
5,114.75,37.419681701712705,2.052930056026512,0.9610321932917758,-55.90255114394264,48.06760133713505,52.05193355689405,0,Normal
1,111.75,32.55400019302697,1.2260021383192854,0.9274937936564729,-51.28598914132712,54.822449639367264,46.20637529509918,0,Normal
2,51.25,22.722914841743197,0.47164430755465414,0.9803696977278874,-46.79573930264487,25.33235657782929,72.8038675044113,0,Normal
3,93.125,46.29082580703122,0.8705868610985726,0.9593544880084584,-52.21935682170158,46.9052035993203,66.65792343149691,0,Normal
4,80.125,51.20378057991132,0.5616299776322382,0.9441957982631504,-45.92929804296982,42.15367947807941,41.47772097247144,0,Normal
5,44.875,48.77350484158273,2.315104252195035,0.9593134542022845,-47.36768720244005,38.0215652824287,60.926503702116975,0,Normal
1,81.0,32.76188557461754,2.4366806515133765,0.9617955316324371,-53.31000408938419,28.827105237141126,45.83690720200475,0,Normal
2,62.625,53.31060916089543,2.6104617161113115,0.9650169359217872,-48.32416098162345,37.27255445904629,69.22462574639823,0,Normal
3,53.875,39.41427177347718,0.08631111571598216,0.9552978970924262,-52.14844779352732,35.63131548958406,61.767772381323695,0,Normal
4,36.75,37.74477204686597,2.249980637261605,0.9684604242511246,-63.42884338152545,34.084896669362266,73.72335511066598,0,Normal
5,91.5,39.23494211757453,3.0485339165692795,0.9934987768485102,-50.1887055348098,46.926388699666234,84.30812203236312,0,Normal
1,117.125,45.62727138004862,2.278391399667451,0.9489814469678873,-63.10183117465308,46.02176563852791,56.481777611282,0,Normal
2,126.75,33.12238742786342,-0.005860732509468614,0.9780573170575959,-53.11834438860575,42.670602729427344,92.9156157290765,0,Normal
3,99.125,44.70371269024706,2.7378088158777403,0.9915562045459386,-50.94719588283542,53.15994439880117,69.4598975323166,0,Normal
4,82.875,48.43558596306936,1.529182325992359,0.956478342060795,-63.6694478357829,35.49563152542564,74.00599393151333,0,Normal
5,97.5,53.85859116994892,1.33732062544967,0.9554764669105523,-60.38410692146937,32.31405813130539,77.43698052741553,0,Normal
1,95.125,46.40765325776995,1.8157667076080848,0.9681693588283824,-46.686555354767,44.67709939295199,76.67023414216743,0,Normal
2,36.375,34.28297201444967,0.7656951542006596,0.967312540753799,-52.67371015534207,30.964421828122088,68.10339086747841,0,Normal
3,117.5,46.19112182121779,1.5019476596451053,0.9845271473861021,-60.074279623789366,34.45031521550274,63.58203601130759,0,Normal
4,34.375,36.51793380843104,2.6343007515728516,0.9581186707022634,-51.186404577039866,31.738073202246547,42.95800802975579,0,Normal
5,72.0,36.0564387490644,1.9356778093663016,0.9996898359711552,-53.06447160076621,27.074607031555036,41.21472149156489,0,Normal
1,95.875,34.09837117168017,1.5408810304718676,0.9247577255093825,-54.96848600164103,49.8249622490702,59.68786569930205,0,Normal
2,81.875,29.709970560847808,1.562725711949326,0.9202534278864561,-45.476260500238325,32.63621628764984,58.3513489848531,0,Normal
3,113.625,40.46269465651684,0.673024211690839,0.97121586492477,-51.330924451849825,39.190825100290624,61.32323351614537,0,Normal
4,90.75,54.03110994437526,1.3950084760201922,0.9438747929889502,-57.491177806641744,26.29945819762936,47.61025104885045,0,Normal
5,49.75,63.05187212342034,0.35599326505916284,0.9392305910959587,-48.99853135846264,45.980183987579295,80.5992548795264,0,Normal
1,43.375,40.411318733279245,2.2157086666756673,0.9449519264003424,-47.308334141576246,34.91683006918873,87.13304281269313,0,Normal
2,76.125,53.68884421415724,-0.029997337732739826,0.9404838052083964,-62.495588809663374,47.3421018348763,91.62930494557193,0,Normal
3,122.75,41.84334145410724,2.098430265734497,0.9224632039728359,-60.98894044309467,37.37209181403598,67.07992669357942,0,Normal
4,38.25,31.79411424441151,2.185587630583843,0.997722643391247,-60.675459817444406,30.87266819216874,78.54761345189857,0,Normal
5,115.0,50.607538091568614,2.4231352310090357,0.9376596390762225,-51.175763812269196,40.39525246846108,87.05531178897299,0,Normal
1,119.125,46.87851269436453,1.560801414213262,0.9787223810071445,-52.93920889893433,28.915136789123196,63.00601111014173,0,Normal
2,103.75,59.544156863688926,2.1416399263102703,0.981007711575534,-52.62016870602824,38.21617479618984,57.01770371787444,0,Normal
3,55.625,32.722572144137956,1.3881773517443488,0.9943405918405783,-46.18453400620998,34.5191643226146,91.51985057194196,0,Normal
4,47.5,67.36826166668222,0.6693120176184466,0.9224439565674705,-49.481769343853884,52.358787525988994,68.36221030923902,0,Normal
5,50.625,57.73373858550525,2.5715126747765966,0.9897638670757606,-62.44126150976434,26.8278616516216,67.34896376249829,0,Normal
1,71.125,44.85661141150517,1.4321799192694478,0.962178094467184,-58.04985835149638,45.820522423172264,49.81288531099227,0,Normal
2,103.125,42.61089766561186,0.5133420777687641,0.9706035287972663,-56.292127076485286,30.482534979623075,45.94852580153462,0,Normal
3,74.625,39.27352104905106,1.1732295379471527,0.9715576221696827,-57.080768225047905,34.5713522299672,86.31587743659314,0,Normal
4,70.0,45.87786111350234,1.2008727222022801,0.9855838243987782,-51.61382781676242,37.46542189186198,73.77732469031349,0,Normal
5,118.375,43.528510756728174,1.8231878426869483,0.9466725857727288,-47.16213793486875,52.240452681249224,57.920352121069676,0,Normal
1,117.125,49.11036330864489,3.1429332383609117,0.9786440951887995,-58.87897072954424,32.277347982214756,50.54549195646466,0,Normal
2,38.625,42.64506671185355,1.8656930292977953,0.9622862487777758,-53.962457271576284,27.739264076340106,70.55235040932973,0,Normal
3,87.375,56.3197095319733,1.6447906963975676,0.9834715211444278,-49.21181156172828,34.56068811971571,72.11556090936244,0,Normal
4,108.5,46.00036824933157,3.2190433396937888,0.9992436826216107,-56.67563882309301,28.140279116066,51.3846480684782,0,Normal
5,64.875,42.945463776594146,2.185225477938908,0.9360520813923009,-61.63763743201408,28.857894578816577,86.82731613403107,0,Normal
1,38.5,53.19429265423512,1.6779744428944499,0.9995718913247998,-55.50098069472504,42.2155179392508,44.63454013857181,0,Normal
2,103.375,32.019810958417985,1.1644116988273336,0.927184972342622,-63.89554958513943,26.8270579929848,59.58511968415319,0,Normal
3,109.375,47.72790681821707,1.7213400533431926,0.9201854038323851,-46.152330919954466,25.92792644180698,77.4211427569387,0,Normal
4,32.5,45.20457069127547,1.4535267171348045,0.9235329548942265,-63.50357589610054,46.432423044114934,55.07662001005604,0,Normal
5,44.75,33.713195756753734,1.5640038892912975,0.9473425923789409,-56.23086569498844,35.849412845231335,85.52213571296994,0,Normal
1,56.375,31.33197376345194,2.420081697338631,0.9706325064542748,-54.40237477822947,28.761260477016197,80.6927304630222,0,Normal
2,75.625,53.08276002353262,1.1217744718037583,0.925522363271028,-45.29392335425429,32.60838312579125,83.39625645014738,0,Normal
3,37.75,52.70232552280555,1.8594784957144594,0.9204532651623655,-61.67956352714278,44.26259522057197,46.5508594732194,0,Normal
4,113.875,46.38046743707487,2.1642579928863155,0.9949672822767036,-62.71136962775283,33.26609701422554,47.73009203975486,0,Normal
5,65.5,58.73326221163779,1.0365212382229134,0.9857541308751944,-64.82587705874913,39.835633753612235,55.756055575952104,0,Normal
1,78.125,48.52774545489015,0.9241650091576293,0.9847346536911225,-61.88857126261395,28.650859201800166,68.49424408586586,0,Normal
2,111.375,54.99844255528972,1.3947606541933675,0.9907539420401582,-60.85454041864665,42.64280912816341,81.14088421846714,0,Normal
3,45.125,48.362596697476164,1.1768592868204775,0.9760027418217684,-52.38838116833816,34.482330515297924,86.0091989918497,0,Normal
4,115.625,42.79352347518407,2.3066328261190527,0.9283523303798465,-60.60586419217199,43.809053035861496,78.73844237764493,0,Normal
5,114.25,36.53974998853326,0.7987622050047418,0.9519280150458979,-64.5895837054135,49.251846469120686,91.07282848418511,0,Normal
1,114.0,40.1725099607779,1.547929957970069,0.9778519589171704,-48.467633089950226,43.349392581699774,80.63089302887616,0,Normal
2,46.875,42.94302183002225,3.2822338333831325,0.9424267568633217,-57.688085979920665,33.87242687785062,56.84473378525381,0,Normal
3,107.375,55.90522481685364,1.7891395736503277,0.9749925091308991,-57.92606626838532,32.67231104644901,54.579470638621494,0,Normal
4,39.125,51.159356468237306,1.9055031010134196,0.9219598758614123,-58.950419416641466,34.82262876200344,78.29058476655995,0,Normal
5,75.125,47.64255254594093,2.3124777469879874,0.9444909872703675,-45.492534457071585,29.938615397095145,50.60788127792878,0,Normal
1,124.5,51.9600792605126,1.1759356542022483,0.9639304269021738,-61.59769165381437,30.4351555255006,45.099314594564845,0,Normal
2,91.125,49.21906972553986,0.7430062598782173,0.9705671863604994,-47.0352387209353,48.720733057005035,69.27225811709067,0,Normal
3,46.5,47.09550088885461,1.6235578933139214,0.9661632531569528,-49.46393335720224,36.54197729522335,85.19028633784254,0,Normal
4,47.75,33.01072478794436,1.6857826798439761,0.9758205020858743,-63.470400890013735,38.07985541711757,45.57589133584249,0,Normal
5,81.0,54.11326058289342,0.36725244370078713,0.9204870998591872,-45.26541796998303,42.82148396700433,83.55402280876511,0,Normal
1,112.0,41.33190521978819,1.7625503402779443,0.9280752959982017,-59.57268072921979,42.68960485454643,84.63646023933515,0,Normal
2,39.125,53.70832222098036,2.248895349090727,0.9895155401823316,-63.028341459551754,27.02130614565777,66.52507000448489,0,Normal
3,111.125,54.48168233208712,0.8609363488831936,0.9745398915272129,-48.413715317484815,49.94622359012997,43.152067050576775,0,Normal
4,96.0,39.639686451557225,1.8048890938623692,0.9290345314148809,-50.866489326446,30.319796596718184,49.60244181859525,0,Normal
5,125.75,52.5977286447675,2.124584562259094,0.9873659549918863,-52.655623882441986,46.692149081490065,78.90844513390627,0,Normal
1,43.875,42.11210016595281,1.9106747459710562,0.9393784974259654,-61.88038272602134,48.180129643845,79.14778697450222,0,Normal
2,111.625,42.159741378826205,1.97670436711909,0.9582607907356179,-55.43007767488076,46.44698602273941,89.4095401342216,0,Normal
3,46.625,47.059785876661266,1.3286398307355891,0.9316157210307728,-49.38887946225572,42.36932939662435,72.04773806050206,0,Normal
4,101.875,47.275780713356326,0.7107469635815828,0.9768088045137365,-58.927521237123194,25.438269913266485,46.82590522425776,0,Normal
5,107.0,45.308412122807134,1.186997476331261,0.9733483536811415,-58.766203429699175,35.81126477089512,46.67781980277347,0,Normal
1,92.875,34.32569587555235,1.0897600286905627,0.9368889976932909,-64.93718187903755,43.145182880877435,79.66227965462531,0,Normal
2,61.5,44.02842688412528,1.443818667654718,0.9890720613485602,-61.51513196709241,36.62353887767616,50.10815658093456,0,Normal
3,65.875,63.22782982550725,2.265289633821951,0.952104481937577,-47.49188749756331,50.90439684738439,58.061202478913295,0,Normal
4,55.5,22.727966169583823,0.581711910285082,0.9434012072856593,-56.16507016724586,34.26406826048846,66.79666038070526,0,Normal
5,119.875,51.957923521827304,1.6009750159721736,0.9321863671571629,-45.315310015311326,33.80604377375981,41.36206826668832,0,Normal
1,87.75,53.45699946685047,0.7556188481375031,0.941293441001243,-57.08584072852415,32.97993079277974,53.685046486096255,0,Normal
2,104.5,34.133218245710786,0.98196715752406,0.9217621536979054,-50.69627090439518,34.98342606882387,62.4339284679004,0,Normal
3,62.75,41.24448869272363,1.891118526828289,0.9666605993964893,-59.361619141905415,41.722148929425614,55.37999751712634,0,Normal
4,41.375,36.994262736453244,0.6670384626440106,0.9873784597075158,-57.72380717718133,46.21045882817772,47.50036801071612,0,Normal
5,51.125,59.83172301849503,2.013971002792085,0.9639184359553313,-61.18548024818211,44.877037532163556,80.04067417879085,0,Normal
1,113.875,53.82420213422226,0.5534848873626926,0.9375419169539101,-58.0587526300121,49.23153459944439,84.72312103423917,0,Normal
2,86.25,54.21140299571786,1.966886282406712,0.9226935342571099,-54.05524959158714,51.577419864922746,54.16134368790487,0,Normal
3,42.625,45.96517780795836,0.41532811129504177,0.9371702458607043,-45.164542380415014,49.48237127030054,82.59307220334668,0,Normal
4,119.0,55.496735597997144,1.0675311245203691,0.9532897142456874,-51.715965738564286,25.568362101230637,61.20544604207226,0,Normal
5,67.5,44.93410746350337,2.827546068190693,0.9807689142959837,-61.01508091183372,47.07753860655966,67.86771849697016,0,Normal
1,59.375,55.87326101768446,2.6959824588368204,0.935027428203022,-64.10077116816898,31.25198720854995,87.0800591191234,0,Normal
2,40.5,43.81042860710224,1.2112327432379983,0.9775833162683749,-62.47287037370979,28.98784128123948,81.24745249913244,0,Normal
3,37.75,39.56606466629248,1.772972410220931,0.9893546774681508,-53.74889597453905,44.15466354397407,84.28142682238978,0,Normal
4,43.625,59.487602130655546,2.3428476132194187,0.9563157478486686,-49.69679342366467,34.59229586223085,47.52648416224962,0,Normal
5,125.625,44.83320991467891,1.9769073220943296,0.9857145593314075,-46.19161585398506,26.7135149011133,43.83456842085512,0,Normal
1,88.5,37.80960073406029,1.3085750274816232,0.9643725878428077,-64.68353656006359,29.12889203195084,89.1372600998393,0,Normal
2,57.375,37.72292882008022,0.9759552801745669,0.9709672669664724,-54.54479716876261,25.02788250609883,61.330884826410184,0,Normal
3,59.125,37.74737061584767,2.107672200070551,0.9621022768270562,-55.58265287553647,52.09670882034122,55.83338229383244,0,Normal
4,91.125,51.75553880823495,2.291492316030151,0.9570538173401073,-51.87889956048592,25.738539515237157,79.85829398440035,0,Normal
5,85.875,44.209096983638275,2.7009912840760713,0.938772275342068,-53.80842291069316,31.283673085285333,86.00285781189211,0,Normal
5,118.44376360287606,61.79702195463358,6.965067233706801,0.7560647891435794,-63.18096162978961,54.625558132730994,60.72041725504391,1,Spoofing
4,153.14845855836896,47.34417197562485,6.747292930372722,0.7069693408650888,-59.680627145079825,74.47165045642501,49.592798088263606,1,Spoofing
1,152.92028291222863,44.645781226666514,2.964607845308155,0.776243658086117,-52.75824571535362,78.32575798316407,42.1097580864887,1,Unauthorized_Access
5,92.12742021110031,94.22770604474739,21.35105827816655,0.8257410744572041,-89.66661915151303,45.40152582996875,41.59690130255005,1,Jamming
5,133.04380584639333,59.065657606837014,1.5168549915537437,0.8985554526999826,-55.53875142123187,82.71795685132336,43.979786754918585,1,Unauthorized_Access
3,207.67614735335178,121.2296740172583,8.437677607750574,0.460874550712172,-61.797384569112765,82.90394457101793,48.058556842141314,1,Malformed_Traffic
5,122.65549799845925,38.45134020325417,3.67362850207453,0.7772637510122552,-55.36566557124021,100.0,52.69555400111541,1,Unauthorized_Access
2,143.46608422158727,61.44759611452297,1.8595397102142426,0.7831162264883321,-53.14978169414505,63.67122161509627,40.42204489800759,1,Unauthorized_Access
5,142.23481863748344,57.09784290583688,3.0208085078880913,0.6890799838099331,-62.506230691167396,94.26592980324466,61.49361987372725,1,Unauthorized_Access
4,144.50531558329476,58.0911606824192,2.4038539100626783,0.7109239517909308,-56.18151142075976,91.27374010445556,70.25804351955648,1,Unauthorized_Access
5,173.29910915471433,55.118366523295904,2.0683207844157305,0.6874274223262912,-50.98363555782245,52.68980531388936,45.214125201730624,1,Spoofing
5,199.96109658391705,86.5584664632056,3.463173221776776,0.5720751047414416,-64.95475068961682,61.63967524516917,76.52918745117083,1,Malformed_Traffic
1,56.361098451507246,115.81088518959491,14.860533311083554,0.5886533920839834,-80.26127508234472,37.25694613773513,70.61265198101545,1,Jamming
2,170.89885546015392,64.02501762336276,3.703254034340321,0.6127345788706433,-72.04097495324275,44.36035457063432,72.07360673811223,1,Malformed_Traffic
4,157.71060826575322,53.94071710113464,3.094341187618399,0.9298778141454083,-66.42901317032262,88.73771996048796,59.56909018999677,1,Unauthorized_Access
3,169.33355836003037,46.27324416048025,2.5573012521747183,0.6098990845935351,-62.27397358688847,69.60193468973115,42.29567374753094,1,Unauthorized_Access
3,172.33383067672432,57.96982182713619,3.436155485039435,0.6338819954041435,-59.40351647488991,79.33040096702861,60.579584092481554,1,Unauthorized_Access
4,144.61199304947561,54.83439891930039,4.138025402628851,0.8131864253349238,-60.653685333566195,91.04941922230972,59.01854424676482,1,Unauthorized_Access
4,130.73391185153466,52.435302041863444,2.7395962708030916,0.8815002225570508,-59.56944565870511,72.53076714929833,75.109976194505,1,Unauthorized_Access
3,130.14266218673384,45.5220244857733,1.9454238196316749,0.632426179301674,-53.777350446616786,80.1008296688121,52.19612497540254,1,Unauthorized_Access
5,70.80126221364316,83.7302173661875,17.01905927073767,0.7663085114589503,-95.92060183621994,42.982710950711216,58.00945146690469,1,Jamming
3,55.417714026960084,129.64638965510886,17.510845939500282,0.7313646663268003,-93.23511324830771,67.3438852790853,71.34006010351635,1,Jamming
2,165.03850726618165,56.07230474142831,6.588246007832073,0.752626978292838,-52.62229623921636,55.25401773297832,59.4962521240323,1,Spoofing
1,114.80919150765607,88.56769109328813,8.730971671108144,0.5491749911840684,-71.89877720504651,55.45384420547988,79.95171743262618,1,Malformed_Traffic
4,132.82994400565573,61.853697808237875,4.490023845417943,0.745315583904359,-62.7910426641591,78.17925529908074,52.658285234976645,1,Unauthorized_Access
1,158.36096429873808,75.9082266785552,3.3394122307356064,0.8738065436105469,-62.804545316357306,39.82690096458924,40.247352905635864,1,Spoofing
4,72.6798322151937,118.70168795932547,27.77148619012656,0.919572222522824,-87.87629832887,43.688531168180624,69.94793913756621,1,Jamming
1,199.76667987161193,87.80499306477608,2.7359698016208593,0.6864600079621171,-42.930762418779146,54.51339261301318,50.866567654546216,1,Spoofing
4,193.75721578941935,108.97910562138634,11.859877430310586,0.6068018454177748,-67.77421456597891,53.03649561258605,49.58583139830226,1,Malformed_Traffic
1,226.33188690106363,78.82654011412224,2.4743066811264276,0.7870481119678066,-69.12924622428926,80.48033220275565,70.02393826976505,1,Malformed_Traffic
1,72.46442148055854,153.92446284305598,20.464932292572296,0.8153985797595629,-83.69862639217241,50.106684652031106,62.7682585251771,1,Jamming
1,209.47276700530142,78.63113671502558,4.6752585418464045,0.8712898558342215,-67.74765193450159,60.86297846179285,74.6824072951579,1,Malformed_Traffic
1,73.8614511408702,90.58478673194898,22.014020291066103,1.0,-84.47796934448584,52.96088496292565,75.56048760443838,1,Jamming
1,99.26277703551895,115.42214069794066,22.697897061775894,0.74799566138686,-94.29379904040887,35.78922535911933,41.91655471653335,1,Jamming
4,54.90114375385344,98.27278628057412,11.395373469683495,0.6501053586140136,-86.84138520716097,48.45871444884565,56.204322183514265,1,Jamming
2,175.19845486094943,80.29304194486886,4.8933220983552825,0.659006370555334,-57.129516102944535,47.10655132845307,51.130706432750785,1,Spoofing
5,67.91424520319202,134.10191306900057,15.78788505378215,0.7927060335463991,-90.26604398092589,36.79816561312795,61.792043411043934,1,Jamming
4,196.39574121085985,72.68672176933285,10.727589055098566,0.5840857143360475,-72.99454767366066,70.43390296092326,74.86343531449626,1,Malformed_Traffic
5,128.6595503683899,57.31955502509846,2.6030781920031103,0.7381877029695944,-59.77820601242196,62.54292567140348,74.33291755515432,1,Unauthorized_Access
3,61.64606788472557,96.79936086548345,14.502576104195965,0.8766848251885315,-87.10485053376863,46.02034244369471,72.46508057779414,1,Jamming
3,160.52564147004693,74.98867386165787,0.5306260708458215,0.6968133849163535,-50.92995409462508,61.99299682223165,58.97739656588696,1,Unauthorized_Access
3,195.82530128341412,66.47351273143245,4.7761991595338165,0.5920202013880529,-60.70697932002578,75.96851631651887,57.97072633862547,1,Spoofing
1,141.19202167031293,59.3923909302014,1.4456692457160951,0.7247493468251642,-59.49443106791824,34.92527318426111,58.20302542081538,1,Spoofing
4,60.9555264977176,116.3581676819135,21.247152331015315,0.866542316777511,-89.64050498073902,50.844756294644725,41.5502774221673,1,Jamming
5,236.4744423610855,94.73268480150031,13.155221217945385,0.3809188246483923,-64.32326715201837,65.14101248571673,74.64734835476118,1,Malformed_Traffic
3,147.13158920691524,31.916435675825873,3.203436862871291,0.7105459901837514,-62.501930450602174,84.38501769565738,59.54169865761028,1,Unauthorized_Access
5,34.425109587116616,150.8413930585576,19.47639970310434,0.7578800687605599,-87.37148832403624,49.761898225026926,43.011148666066944,1,Jamming
4,50.673247216160505,121.17811922328322,22.594993786284242,0.8098465756776031,-89.21659014275122,38.1627389533898,64.41504239126769,1,Jamming
4,148.32936890067742,19.54071168918388,3.51572633905681,0.7907528706878143,-61.11407849859841,82.42302274663848,58.56001712785705,1,Unauthorized_Access
3,198.02191277961444,77.5315854556599,10.29000245280163,0.7413591972994826,-55.68732820039358,89.815926075302,61.56764318054532,1,Malformed_Traffic
5,176.46227498884397,78.92529671282527,11.245165083185281,0.6252336246395029,-67.61058364301095,97.72525943901141,74.33321727123699,1,Malformed_Traffic
1,81.64969042591221,108.8773143408083,11.052004182832173,0.9032731266245898,-90.9881572827971,48.43585598389576,79.24179449017862,1,Jamming
3,187.3940221530837,54.139454178819136,6.383105414189845,0.8145869643684145,-63.40354211521637,41.40658058478706,44.10116792911205,1,Spoofing
3,215.03416140727157,83.96876804043667,7.621604719028466,0.796077347964586,-70.618629731636,68.84173834798075,72.85037681491383,1,Malformed_Traffic
5,53.8593583082703,114.31638946437207,17.099369344510894,0.8625929052834425,-80.28267685324421,41.947584900748176,50.17036643955722,1,Jamming
2,78.27828957733232,123.60460416835258,8.316236487487675,0.7590915784152847,-91.51305301129386,48.99886954409213,70.12475388718697,1,Jamming
1,62.575517794478905,100.04855003381573,23.748360094393735,0.8437261550824243,-82.9293939552481,50.88728003009836,61.654505535845274,1,Jamming
2,128.96975501882142,71.62051834758473,6.282895234630512,0.9049362141386381,-52.94136800606056,68.95406293041984,54.099241877734045,1,Spoofing
1,120.264775438908,60.94575820454325,3.4277047574817052,0.9023011363265584,-59.87565757991852,71.81235892788979,44.22601381795723,1,Unauthorized_Access
4,110.53805452507376,59.42002916936565,3.867416953032399,0.8298329932731163,-60.16520456036639,100.0,65.61789095973012,1,Unauthorized_Access
5,150.4828932681315,64.30697970628887,5.483957197439462,0.7890266399172918,-54.695040506943265,39.60906950131547,76.59339799987512,1,Spoofing
1,173.29858039811654,57.35028246621403,5.178080637126337,0.691781223918547,-69.27457709959445,66.17151143065597,70.19309833449324,1,Spoofing
4,110.02443658380253,47.08478689082504,2.5835955790401353,0.804318566211448,-66.62593652078499,85.4403785677378,58.11533441662047,1,Unauthorized_Access
1,192.3218100455878,59.3381388946194,5.6772616593289245,0.6732986119012673,-68.7084352958998,85.39384639406477,60.59136939732538,1,Malformed_Traffic
1,132.48625312419023,53.440539215634665,3.148341739246127,0.6991952940216934,-62.43852686474372,90.74333004770244,54.6359719447123,1,Unauthorized_Access
4,87.7019226061229,132.88586137119879,11.06065724772099,0.8811088281306738,-88.21242720678764,42.490181964617506,62.77989034074304,1,Jamming
3,123.0059170865608,56.208369843786684,7.416890990395533,0.6854531352859927,-60.82434044922311,50.80064998582192,71.94223352522397,1,Spoofing
4,149.08759075720042,46.092415869354795,2.5861625768620575,0.8981495806191053,-67.55152377235125,79.42417983451278,52.414835564324804,1,Unauthorized_Access
1,157.69726793017406,55.88323539198117,5.455753606052255,0.586179334449562,-51.625998025479646,54.12033811492531,40.14809627329667,1,Spoofing
3,55.61535634698328,127.45836694666573,25.249267598866748,0.7059102104991059,-86.88680408348867,44.95077787642673,66.09124451273786,1,Jamming
1,136.98396789077793,51.89405900779562,2.898818038928824,0.7292949301535095,-60.76442059630469,72.50223155715894,78.61794538402485,1,Unauthorized_Access
2,161.95596626805423,63.493164413776704,3.739278385841758,0.7019826443464919,-57.03810142727802,75.74417890977168,50.86870395592719,1,Spoofing
3,128.19625263129757,41.88318899675404,2.5994794687470253,0.7068793694783204,-57.625881275051874,53.56483744201947,46.6615405398908,1,Unauthorized_Access
2,221.568562078691,93.15184331830929,5.948906644237839,0.7717157697126209,-66.17647234050011,40.98539863833595,68.343341830713,1,Malformed_Traffic
3,190.005537909925,104.77174745412866,8.674360708196476,0.5579198178572005,-58.24909496068658,75.43813855204658,55.61182188851082,1,Malformed_Traffic
4,155.68078959299535,74.37477492506925,6.952599591791279,0.8511693449272661,-64.5528495605724,51.955887069491425,40.666862023985324,1,Spoofing
1,64.15201564309798,75.4695797627314,12.862011242937854,0.7811284140699695,-84.41984327744497,50.858234904039875,47.6938545261566,1,Jamming
2,183.35945445548654,95.54773375256651,6.308952013005065,0.7298327094935929,-73.1985132136409,100.0,40.29852561668878,1,Malformed_Traffic
4,128.67308976606955,54.374410776655864,2.436959226590547,0.8335068967910868,-60.20421483758041,81.68209014684057,54.06880445382609,1,Unauthorized_Access
1,86.44104861216098,118.50642616660221,10.275313266616207,0.7768555988429383,-86.45446938460776,56.37764221546589,59.516007811172074,1,Jamming
2,71.04308663339663,148.03271541663938,12.676219223261612,0.806508650508138,-85.1744463987911,43.998591582141756,58.04520279191365,1,Jamming
2,229.51354601520924,90.17688729517758,5.84332875449113,0.7044882442729979,-69.9322611393146,58.050125284688576,61.322211603788446,1,Malformed_Traffic
2,154.06135150644306,52.686187104158286,1.630106974374712,0.7669376142730521,-60.36579797990733,87.61690336925962,71.11939886283747,1,Unauthorized_Access
1,139.1801547778375,43.545754960054474,2.4764907804163636,0.7727208384397987,-61.915220818622274,89.63182742852817,68.59593752309155,1,Unauthorized_Access
2,51.129629571568216,124.6320220431688,22.65634797997787,0.8785527924937893,-83.86977275058561,63.63900144899533,44.018301987238736,1,Jamming
4,136.5185173678205,57.11328068848638,5.846315355455692,0.8330219771837482,-62.04605772143155,46.07336721609299,48.271907041765765,1,Spoofing
1,158.34569952207013,67.43091727660699,5.926959366449225,0.7726897923665793,-59.14523331731908,52.62165188344336,41.26052172328846,1,Spoofing
2,130.07970885701147,74.59440532083089,6.4280779185214065,0.657441936231196,-60.39061695609267,69.91974669814203,45.57209354831657,1,Spoofing
5,138.33850291158606,65.56307388480275,3.2900796282514957,0.8292890194727274,-57.16846730633207,74.44886263672288,51.56601337816603,1,Unauthorized_Access
3,144.92943104718427,37.123678035544664,3.1813612813584524,0.7709203162008537,-63.39521591279295,64.67493726069681,78.41467098488522,1,Unauthorized_Access
5,109.35532756928143,50.1848607065643,2.9222397518484953,0.7301193411167106,-58.10080898802413,78.6733758372268,58.382519100220875,1,Unauthorized_Access
3,149.6265243107094,60.168204934465024,3.13832518878458,0.7370663333300862,-63.23895022376598,69.36691247131378,65.93027816311289,1,Unauthorized_Access
2,133.5478530922313,54.4960824770996,2.0477199954848393,0.7975324423644571,-53.7032643596278,86.86247973331942,65.07331617660269,1,Unauthorized_Access
4,172.32451557587103,66.7348697322709,5.501283169053512,0.6366497960282461,-57.620421071175485,68.32208729125722,61.84990400523404,1,Spoofing
2,56.75507164748676,89.19072458761443,18.57271837221677,0.8344619390980672,-88.40148708910903,39.95215021803347,40.63681069051194,1,Jamming
1,47.54113532232033,135.61879153333456,14.672888509352697,0.8777522788350512,-93.0799943895755,54.68840130546218,70.52600230982245,1,Jamming
1,55.08357217300312,114.99096379196155,12.084719076328055,0.7997789395923052,-83.88234759617869,55.96701927070742,43.15719420153649,1,Jamming
5,160.45715019690246,72.37512893622852,4.575557845009495,0.7835530199832897,-51.528798723622316,51.06715419678401,72.21865132162347,1,Spoofing
3,74.18625787517777,115.83127353363946,9.546641861967741,0.7417200363306714,-76.97912902512039,44.94389385846197,76.33388840972037,1,Jamming
2,137.7424275286711,77.44612629806142,7.203186319141684,0.6320146113597955,-65.80248584854475,73.96402407468454,46.821521955929036,1,Malformed_Traffic
4,77.29277187342909,71.01256489355154,7.748212713578999,0.8791344395761254,-85.97191891145857,47.42604634925964,51.12448670215214,1,Jamming
1,183.4313313078374,56.0615904713883,5.782914025930301,0.7582796405812017,-55.00886244997548,63.70847871012174,68.91074704043183,1,Malformed_Traffic
3,173.18902482227224,56.96051585272519,4.961018425061955,0.695224758176029,-50.077515941296994,44.50677221992098,76.2364668493859,1,Spoofing
3,72.15690626429016,75.19164417526015,15.662856431208583,0.7936127538713321,-87.11811071690927,38.037279037298006,55.050373173216876,1,Jamming
5,189.6634636353587,92.96955775854441,6.374637795849612,0.673465884509495,-63.49825901079551,96.21332361434895,44.40295040724229,1,Malformed_Traffic
5,140.9096541702724,64.89802631571354,1.989511417626683,0.7381806493015913,-64.17360154724904,65.50849476887113,61.5864715561261,1,Unauthorized_Access
2,84.6700078625734,79.7372244971638,24.98517692514497,0.8975505429559196,-96.21776088795058,71.53092448910976,44.33601490866491,1,Jamming
4,166.42752638162912,60.21461699577046,5.278593335407388,0.6222525363061264,-54.723229880838694,45.47804249997626,67.19886840357505,1,Spoofing
2,177.41493289176807,74.4881309647162,4.696035036696573,0.7058474246633052,-60.854772664029404,45.0866560994255,69.19694077143285,1,Spoofing
1,158.48257098629952,48.153324227736135,4.786374786215566,0.7163669391957658,-57.11838820967987,48.73442115976009,73.45758949504494,1,Spoofing
4,72.7681795350902,129.69110581928345,24.088167948663603,0.7464837424672942,-89.86384774650706,88.52550122211956,55.58064103781635,1,Jamming
2,78.76197227228218,122.2773269228156,14.277197298034853,0.7868501870635852,-86.21958298066917,40.01079344081235,79.99396977945601,1,Jamming
2,124.65703821066613,54.753656106920104,3.4324542166423004,0.7373239642406432,-63.85885978696437,96.09520665775973,60.86847205467673,1,Unauthorized_Access
4,57.66885982258109,85.61431066955612,15.152751127539448,0.8100782890088002,-92.25688002726939,47.90155191349617,54.02839151968337,1,Jamming
4,154.01990075835081,59.90832230075038,8.53913724378559,0.802716031186521,-65.03790310879236,34.184032941604116,41.88899505979019,1,Spoofing
2,149.63494722277596,78.25276090437038,5.740673142848652,0.7357974312251452,-65.63151400667634,57.53675880964791,78.8831734189823,1,Spoofing
5,164.32005361976087,62.92745289518207,4.4637328321434735,0.8074718813878218,-57.06304150096994,94.1418728833109,71.89682215766658,1,Unauthorized_Access
4,193.02154697565996,66.96812379260741,7.031340786264181,0.7513399768099469,-70.28993490694545,64.92036236904731,61.995076846248416,1,Malformed_Traffic
2,144.37673086321837,55.86560768106879,4.737554301962337,0.540737121133121,-60.83695669602721,66.35563927757806,42.03413694543285,1,Unauthorized_Access
5,65.64102283985301,98.1176873902403,11.036756211083732,0.922670333203732,-79.17788172693834,59.99336780928251,64.87746935026837,1,Jamming
1,152.28654738044304,69.34502646091306,4.860308765919335,0.8453132824768244,-53.260481666914885,66.63482830903489,57.77763830685995,1,Spoofing
5,185.10753672132748,95.90134609862999,7.845431214426062,0.7403708442348497,-67.23123820672294,54.55282227187232,79.70502193811481,1,Malformed_Traffic
3,65.10113758823759,126.6223999598781,19.109262584015223,0.7870622735075526,-83.86477849596551,41.11264282049472,65.24752312240284,1,Jamming
1,54.87326901178976,68.28204244533325,10.639814634866042,0.7100932140081071,-82.48612149015398,49.15824587226946,75.54568455346069,1,Jamming
5,52.03050356174107,127.74159552892574,19.433870561912933,0.8082235777051522,-85.7406305655995,64.35797806135815,43.374835857540205,1,Jamming
4,72.88895378096957,157.84219270547985,7.503218677904872,0.8746578411831046,-88.45920899503625,53.667717261841794,74.85954167029553,1,Jamming
4,174.2282115893099,96.1291020104384,5.7120542841031074,0.6351934401969491,-60.54255809213622,49.55903069939375,76.01248958297964,1,Spoofing
5,208.32072704554363,60.88651821384808,11.145447953151777,0.7385329785301207,-70.13963325379727,67.87705543993229,79.20021852787268,1,Malformed_Traffic
1,168.30511656735493,59.71370508399823,1.5955412904899955,0.5237265475137118,-64.08781824986028,47.09868200785245,58.629023106699904,1,Spoofing
1,203.4589949872173,71.9838843430609,5.68251453128913,0.6562921493749644,-57.632036982883314,82.67383581695458,73.20811537383048,1,Spoofing
5,159.63955815556088,86.84358196050971,12.833887300730789,0.7959131702566689,-52.38922270252337,73.19297884790693,73.10441045396612,1,Malformed_Traffic
5,203.33363897848952,66.27190381544865,10.377045226831047,0.7153097975320468,-64.56138443621816,96.19587456723781,50.64431824677197,1,Malformed_Traffic
4,124.84411196429119,51.327878150770644,4.308012273789776,0.7331604913147101,-60.07343207195937,61.98497003491923,74.27800519477552,1,Unauthorized_Access
5,188.18382057198247,67.32006283148803,5.263485781283311,0.72918709335802,-56.2131647081781,80.23122921875525,51.96993677040642,1,Spoofing
4,186.53719388481937,73.64164936516471,7.084433463557745,0.8056294153385768,-67.34670857307619,49.88402930047647,70.9971388922382,1,Malformed_Traffic
2,140.56512557959,66.0757830639951,2.7794394426494926,0.8060265305806853,-65.89461745649163,77.8033054764904,55.489841928139,1,Unauthorized_Access
4,172.19052090417202,49.446262661587575,4.801267639673564,0.7300791072644806,-57.752275266475365,67.44590678389892,64.71466617648147,1,Spoofing
3,165.1602621101491,82.03886850827521,8.253400359169841,0.5516894607493904,-58.30593498536058,100.0,64.89503725892696,1,Malformed_Traffic
4,161.69036951630653,57.864153300928244,1.7688595832969756,0.6494226516904634,-66.35175028571038,75.44922493670941,53.891538972227906,1,Spoofing
3,207.61635217498355,85.27137162412978,7.9414864143774055,0.759178194313398,-59.46030145745411,76.82376605112522,42.82200254839579,1,Malformed_Traffic
1,135.17490341314198,35.24209102150303,3.02400313333153,0.9069904686591255,-53.74154816620204,87.39626144004875,44.682576519274505,1,Unauthorized_Access
2,82.65795748267543,128.51271373576694,10.805426528319227,0.9266255035485014,-86.40601059877775,47.202156545673226,59.69607036817343,1,Jamming
4,170.12055103074542,44.10547600061282,1.2175720259763598,0.8535153310287883,-66.90299352949826,75.63844558492515,57.74805788118671,1,Unauthorized_Access
4,183.55948786222515,78.95549820049838,10.067493371223007,0.5979638861256336,-66.91610476516732,69.78594470575918,66.33598381508168,1,Malformed_Traffic
5,193.7399489379697,81.46740762061884,9.30801732566774,0.7812607411570085,-62.251561190443226,76.80378285263828,49.316073545979265,1,Malformed_Traffic
5,144.15747147229328,71.73964858952303,7.038597003582167,0.7464565262534361,-61.018625346528474,82.15879406902643,47.47629185800473,1,Spoofing
1,165.04748419067212,69.4786332759928,3.991687581826522,0.7389990860704171,-52.28689753937938,50.51918774518293,76.06524917945441,1,Spoofing
1,162.55567955039544,69.75740807222648,5.829260229079713,0.6799372971598366,-59.146980410059626,91.80571145319207,62.35812961081508,1,Malformed_Traffic
4,159.2152705260251,47.45211257877613,4.679488956778401,0.6362531983873467,-65.00591069269856,55.10968810987159,70.01087317887087,1,Spoofing
5,211.02348505005295,71.50222393406943,3.1778626407489705,0.8604165940100397,-63.9522613646628,48.35565816237433,47.597310649214364,1,Spoofing
4,78.2452477943539,146.02860198532977,11.492060085983343,0.6717585213681945,-88.49954754140028,48.15697795957758,65.4728585713741,1,Jamming
1,76.90081512169667,114.53010704230577,14.062623475561226,0.7084515466664614,-84.03299861821378,49.79070531457195,76.50397382365563,1,Jamming
3,73.81639686140082,97.56461294333597,13.990453977750214,0.6236021166980843,-88.91211211913952,62.388263794542226,55.36076295859833,1,Jamming
4,96.36349416913039,46.215453464225426,3.1026979943767325,0.7982410527046672,-50.500301666885555,59.89306090417933,48.49110061142058,1,Unauthorized_Access
3,139.48263788061047,65.62331349619123,4.660754872889394,0.6121487258635403,-59.051767179424075,59.79181122062957,70.56382346315517,1,Spoofing
3,163.26396918992714,60.81767214445077,7.599902067021044,0.7586242298962957,-67.36364192219757,76.84618120263498,52.22808543241954,1,Spoofing
3,63.909990041372616,59.06535776475629,24.6037506391308,0.8335500041017289,-86.22504283492077,43.267238478217564,53.82627742167437,1,Jamming
1,58.973905245589634,143.34025410714142,19.992820329460038,0.7504453801570509,-79.15043744963597,51.916402398889325,76.27466309359343,1,Jamming
3,129.6809127936152,34.93874522311169,1.7032428329706788,0.8441815296925065,-51.999181805674695,88.26480870360277,56.423947889530666,1,Unauthorized_Access
1,169.08248816457137,89.0713883860741,7.503798073539411,0.79273268233611,-66.9571880072137,49.56430720255736,47.13326049712865,1,Malformed_Traffic
5,205.82394581524971,118.36596378903491,9.305714411555394,0.880645625840521,-57.06498696447686,62.22495985188871,69.85808515428457,1,Malformed_Traffic
4,131.74325834830952,47.9140767406369,2.6388019776728697,0.8395232516867532,-63.354433679454026,88.89102778582978,49.853929889692076,1,Unauthorized_Access
3,196.59223717673734,98.33341562532259,9.555478537892371,0.9687468707423887,-60.97949405396191,64.52093121088748,74.57611948777591,1,Malformed_Traffic
2,191.13595507402695,66.3370101734755,1.197092438201603,0.7094252755564517,-65.19079053520662,86.45629604509055,71.60525494904434,1,Unauthorized_Access
5,45.55135810751574,97.23816906789901,17.253573726381777,0.6742463560543421,-91.48731106623157,61.56433710165732,72.35434156134261,1,Jamming
5,86.36723638803254,104.18525560391038,14.755635003161576,0.886546209771624,-91.15096064358252,40.62002050053876,43.9418740565177,1,Jamming
1,131.0004880319659,61.84338750998517,5.213544048318899,0.6398426061921321,-59.185662868130095,35.638487102348414,75.47363611326429,1,Spoofing
1,135.09661970113362,62.33724278336193,1.994904818969491,0.7969628184916293,-63.283446728137065,77.39690958728562,74.31056583144118,1,Unauthorized_Access
1,112.81925818426546,47.79461770843463,2.6062946201950377,0.8286259149632126,-58.883595433723144,68.01607875047955,47.115191818425146,1,Unauthorized_Access
3,181.68396488087086,67.10303040221996,4.79759027576623,0.7190817646614861,-61.10654468333332,57.61362807698471,56.31576947120762,1,Spoofing
1,160.96382325890434,54.850311676822905,2.681967349793381,0.7524956701058381,-62.34511759565111,54.307772765231725,46.38997840935777,1,Spoofing
5,103.3606716803245,142.75305016798242,30.015090958927452,0.8549223734250049,-91.61208233057833,37.9960743051452,74.80099702080662,1,Jamming
1,71.89197273769024,99.01857824092373,15.854130301753587,0.8507007431821539,-92.22089396049614,50.57138465808096,59.27600668439909,1,Jamming
2,129.17376243845774,71.75609961503058,6.545951810491294,0.6710107269860318,-69.98944369026724,72.18309008728903,52.14015636591809,1,Spoofing
3,166.38089744639552,58.335666280892426,3.1858054092642076,0.6342199807435911,-46.8524286344339,68.91536306110338,61.416533420458705,1,Spoofing
1,206.0664182963719,92.06384409421166,2.4836698460630133,0.5822338182519042,-57.496242426806106,59.22941779892277,66.66103327141535,1,Malformed_Traffic
3,162.59449187828588,78.98192927450778,9.294894888912792,0.76876105617414,-46.99603277753522,36.258513186988544,70.80915062599493,1,Malformed_Traffic
2,79.13103383686625,98.85738854855538,15.067924255556132,0.7704182297396898,-91.6350786832319,64.84524834603451,43.56038939584035,1,Jamming
3,169.2646609340805,63.1178753789441,2.577222894836005,0.5603091667879458,-56.13794428033028,46.39344787319848,78.72088688182956,1,Spoofing
4,191.85902396417782,71.63864089931674,4.648777634966591,0.8883058936402732,-52.309492394673185,49.29996113659547,60.30036377877326,1,Spoofing
1,86.38154441529001,80.47072716756396,20.282511675838975,0.7999551705105047,-90.51622692543361,49.96742323765706,78.31066632704889,1,Jamming
5,59.4386854661144,97.48418612440756,13.092160027218007,0.9112936947083036,-91.33910071717357,43.35205796081716,60.12290401086436,1,Jamming
2,142.7316939036437,77.28137599286538,2.6860682373139078,0.6236357698173632,-65.99527464267555,53.91266127722487,50.6235039322944,1,Spoofing
4,183.172207334834,66.16562349241946,7.681535402298666,0.697179942049779,-76.79046300382151,72.49217440427445,55.34269564029168,1,Spoofing
5,54.96124615383926,109.14303888809222,18.9323043756783,0.8009743505915121,-94.9374513010139,75.68692048259055,47.98286463583755,1,Jamming
1,222.8471405253495,89.66288316558261,5.968391359760899,0.8299739309381229,-59.03448795395389,60.41071274028912,59.322649807732105,1,Malformed_Traffic
4,164.16956399597225,70.99650466913226,6.55274655195744,0.6554004014872945,-55.81022691608642,79.18871471477435,74.64092762722498,1,Spoofing
5,145.75937344061293,35.9305659948683,2.358151072759176,0.7899797744545576,-51.477039533513114,68.9188754174113,68.8793258780658,1,Unauthorized_Access
2,60.57018542388145,104.44972762279534,12.81845376313115,0.8037231087135756,-88.14635989737172,54.59649998082371,62.773385276289005,1,Jamming
1,40.490124036610084,109.57510441447516,19.467687649843203,0.8399534150148033,-89.30669299003618,49.247520996639345,70.53179647989126,1,Jamming
4,76.80434439995638,94.81494304342824,19.595800887544545,0.8039277995566102,-88.28135379868749,39.016335120724364,54.39299602546266,1,Jamming
1,148.69758013320683,69.67111020102294,8.504141507540812,0.39832200305439036,-52.818148964009566,59.333337781704174,74.01717950715712,1,Malformed_Traffic
3,114.59740990694542,48.63203095242659,2.1737754043635498,0.7930454316184914,-53.96002980069807,57.54329561727504,46.6988196220017,1,Unauthorized_Access
5,77.67668467975741,122.37451676208931,21.67670577098898,0.8249526483223997,-86.81775759285301,50.89022050605403,57.1779158831481,1,Jamming
4,149.88547994139324,76.76696993167691,5.017004278993854,0.7604451198663956,-50.02897594693372,42.563964532771266,63.18948459759088,1,Spoofing
5,196.369679750716,61.07822316798991,3.6792867918053163,0.7865808389037355,-64.4920215712184,74.39758549420043,70.67073425353342,1,Spoofing
3,128.33750361186188,53.39422847143782,2.781945540061323,0.8001760564354976,-48.704978105323576,64.48151455142589,74.62580145490928,1,Spoofing
5,155.27615566767085,68.42498466910413,3.195332950792447,0.8297208045564233,-55.407826360104806,64.27837338419755,43.052098166963184,1,Spoofing
1,189.28620038660793,81.78018626101537,9.321558819142748,0.5697237054734267,-60.46867120140565,45.58171091567175,58.1685767906099,1,Malformed_Traffic
1,130.81782668938024,57.295193509862024,4.498290392426956,0.5716989529099372,-54.36876909922145,86.48943606259272,60.23091335476843,1,Unauthorized_Access
1,189.02509313909226,57.6058556839731,6.0821667214149855,0.716397896424556,-53.37538716138917,55.586430199661834,59.617963869438,1,Spoofing
4,68.2849798145019,129.76270286485493,7.4018026247659225,0.9187367059696632,-89.32089250662479,47.72835132873394,57.46326886967297,1,Jamming
1,165.4623686858729,55.017877414885945,4.495820833999648,0.6666909597984166,-60.06438374022536,50.50559019099699,40.53637815488492,1,Spoofing
1,127.9734251301002,51.93379451924159,1.4518229545725096,0.7814114012824462,-50.49865787844517,90.23056555252239,62.84372649738059,1,Unauthorized_Access
2,161.01517681375603,42.760352695322126,2.1556597329780156,0.5334773814476275,-54.06927262978851,95.40323979819885,43.43177139597958,1,Unauthorized_Access
5,230.73262207260785,78.28030229733278,6.261408267271753,0.6727407151707777,-72.73065891194183,52.46651306055777,41.74643714852034,1,Malformed_Traffic
3,67.7935247170837,70.52469904768466,19.766744632678755,0.9853905736269959,-88.97559265379314,46.22154224596577,47.65109484149588,1,Jamming
3,173.2254133876347,95.32252846502891,6.027258360544533,0.7210149761742757,-65.32440972241692,93.3266742896395,56.40095146966972,1,Malformed_Traffic
2,50.5859901763809,108.31737518950595,19.59583388239138,0.8356537846108244,-82.78880027792097,73.9751712584445,76.71034570540643,1,Jamming
3,189.76789355382857,76.11622151508709,5.027110003263425,0.67299285004113,-56.77198937265964,53.66783845441887,65.04392407948187,1,Spoofing
3,182.58961390863112,58.07009330259683,12.000161900661274,0.7498248748187847,-67.23643049400869,78.14310022155506,60.73295692159294,1,Malformed_Traffic
3,123.36402708904669,60.054027748299845,2.563031724428746,0.7917606545169659,-60.0066849760103,91.24218803189845,68.44487268061144,1,Unauthorized_Access
2,122.85398987609626,53.214979025547066,1.983597651698081,0.8640225393360247,-54.52941270457831,74.53423687753542,43.87274923948874,1,Unauthorized_Access
4,71.56027320944527,116.29674379790383,6.735914704754151,0.7426035584919904,-89.61639739548234,40.03010668253113,49.12401511609541,1,Jamming
3,116.50354653948139,48.84715799146781,2.36379780651869,0.7231587825724283,-56.017425196035795,87.96133664923762,61.670412797640616,1,Unauthorized_Access
1,156.18708128102662,49.77674084606895,5.8567449620739325,0.6293183953401571,-52.6370562691494,58.88832126540428,77.35949674050468,1,Spoofing
3,27.160161357082053,101.34143359203152,15.718188099333682,0.9392934651380306,-86.42826615631432,52.942554228806074,62.629892262045836,1,Jamming
1,168.84656621997985,65.45442732332221,6.798547996273694,0.48947204520349263,-57.122737547707494,68.55763421967477,77.89711992239172,1,Spoofing
1,58.58255138102025,112.19631857684082,14.098203095272865,0.8967321341239217,-89.15344752489426,56.457968563572116,64.52681442972468,1,Jamming
3,149.03346542711944,43.364309419872676,2.8641280938399736,0.7524065074659181,-55.50044066805613,85.40322270737418,59.204313118091456,1,Unauthorized_Access
4,147.10243973871596,45.7424439534841,3.2504957237780348,0.7564417538801015,-57.22029274177079,60.95055545989361,79.28540737744602,1,Unauthorized_Access
2,63.49189805531216,144.4431019561639,14.164662722998496,0.771692936200545,-89.7918453537999,35.85193864111356,52.82848659937176,1,Jamming
1,169.78346240110733,108.34451638336313,6.768313775232382,0.6974292740088146,-55.87664193657627,71.65482044667532,61.79526744117574,1,Malformed_Traffic
1,191.89727596301938,89.3399479091772,8.866909266529962,0.6680639473995819,-70.0501454023821,71.17733336298184,46.428533967639424,1,Malformed_Traffic
4,74.38414962353366,125.10322270191946,19.34865353581406,0.8130136508477117,-85.94297168554927,59.89332834312484,54.941611852571825,1,Jamming
5,149.6266656075758,73.53201545051554,4.544145887516328,0.7716644445935967,-63.88795561910479,38.142196672869915,78.90506417730211,1,Spoofing
3,171.75326033843518,109.61595116720044,3.32578179243946,1.0,-67.73445571525946,72.75169864327202,69.7132510586276,1,Malformed_Traffic
2,144.30340193134734,71.01257962043636,2.3838004595594158,0.7564108544242668,-71.10695641031086,58.282345253701166,71.34335578971535,1,Spoofing
1,211.22856514830477,60.88221339038946,10.036227805156232,0.6861662492749186,-53.811014812495124,57.17190426533365,60.503048636968465,1,Malformed_Traffic
3,74.38877322147445,91.54570627184665,23.482172809380383,0.8755174012163499,-79.96181636189883,55.81460895857772,59.85180502002559,1,Jamming
4,165.97775911084904,87.95553591363787,10.964065020547569,0.8047374576950416,-70.43789503523516,56.55493446466787,61.62443977298916,1,Malformed_Traffic
3,172.45757647684076,56.78781375791289,4.6907834081356805,0.7076312686598976,-63.8354888137941,55.434207327479236,66.96747795318456,1,Spoofing
5,173.60781185584318,54.35901013706993,4.853138793932068,0.5728823091881334,-67.98849023223026,54.302444063092864,63.55241080624893,1,Malformed_Traffic
1,160.4003593659846,85.00192183522174,5.330352407645436,0.7650757011712359,-46.85610279552904,69.94779477084367,75.7947680282208,1,Spoofing
4,129.25589387482452,33.255305395467545,2.690976580036536,0.7830937778123814,-59.1970528341412,93.6213240368508,69.5571318452382,1,Unauthorized_Access
5,162.42039046917267,92.30830254331846,8.55292719223431,0.6295966727247005,-78.33272285425825,91.66618292582632,63.40311265492865,1,Malformed_Traffic
5,146.45020119936805,38.034420713833136,1.3064902217468564,0.5888447175569402,-56.395015235471824,74.54813755273678,67.51640365821297,1,Unauthorized_Access
2,123.41388157827942,44.346070297145985,3.043134655138489,0.737681699509322,-56.93833892998744,70.21411610011346,66.12546933167422,1,Unauthorized_Access
2,134.41064580157007,72.22896470787416,7.0970590628203345,0.6042275567020181,-56.296159419689864,88.42045314412202,48.645039933950486,1,Malformed_Traffic
2,175.83237229862368,71.00267909124408,6.028595113165826,0.5962737315322106,-69.57424027007364,64.2018757615336,71.01327719543664,1,Malformed_Traffic
5,167.2073743180972,55.8935491281751,6.40659798901055,0.6219937698159386,-67.70680368289203,59.56933685638062,73.34296438582948,1,Spoofing
5,96.73396518019045,63.924559414830675,3.472293408040402,0.6449571105753299,-67.39388561923143,96.72265904097527,52.81947590622189,1,Unauthorized_Access
1,36.009218587760756,102.98443588796891,16.861401925821237,0.8772394477415588,-93.5963137127379,32.7971320775939,73.37716479622969,1,Jamming
2,111.7192576798781,60.81514086299741,2.8375418414868214,0.8782624805167181,-60.35110180758808,54.777220825120494,45.60661733530922,1,Unauthorized_Access
5,156.96065235367922,75.6014381867127,3.1593809713744285,0.6812035031092547,-59.05680102130587,20.20583344157822,67.14640375307589,1,Spoofing
1,168.58226930258223,72.9604757408575,3.698106752021439,0.6427841529818514,-55.141803061183964,39.146803831426844,74.01270832630397,1,Spoofing
2,187.13103995254087,88.19023877526838,9.45186356126629,0.6807821689974689,-58.8496851257866,59.914175419746215,77.85514613433483,1,Malformed_Traffic
2,202.76622477662835,75.08190055299565,4.0667418128924275,0.7107971380573248,-65.2409854520551,46.85911735776807,64.37871053466488,1,Malformed_Traffic
2,79.06211390592678,70.20154066608545,21.995340612581938,0.8759175040332097,-83.26035485110627,38.60301580426491,62.41394697401294,1,Jamming
1,166.05920381300618,94.20149851859871,7.275362002071852,0.8183278869502801,-70.20001149547234,48.091217938009066,48.983295306156045,1,Malformed_Traffic
3,130.38447331005958,19.355431312417725,3.18364914491877,0.8141082621469824,-56.56416360729517,76.19507564449222,63.63664371308907,1,Unauthorized_Access
4,46.36892971267426,105.0576441266472,18.71150923065903,0.8684817464011392,-87.32093127038273,38.78007361538441,74.22355576302253,1,Jamming
3,143.74908459756028,86.05297429458312,4.552331920634113,0.5824489110431257,-49.791523897068394,56.51081666073951,65.23404154580447,1,Spoofing
2,140.04504140570822,68.09066748644409,2.6913122834133474,0.7459551109880332,-65.82399698684561,81.40014486875616,51.92157328377804,1,Unauthorized_Access
5,197.32379583797086,61.97617717789224,9.359490812181727,0.7079815428553831,-57.905879680813655,88.18552176852856,68.80406618156564,1,Malformed_Traffic
1,161.8855858722856,54.63635115867905,3.254067629183033,0.8962127663079091,-57.00706364126464,75.9538453546127,57.7740878438998,1,Spoofing
1,169.9720963697446,72.53735637178448,5.908085424357239,0.5976861185590576,-56.15829549932484,40.15601318365525,76.57766917949354,1,Spoofing
1,139.49332218935095,70.59337324527672,2.2524465218012466,0.8343319823961568,-61.98662309263209,42.674590909374594,73.62414491092767,1,Spoofing
5,65.18261441941446,78.28748586460814,23.7003392324758,0.7530327893107968,-88.23488170841851,52.46536506940711,43.69076018251051,1,Jamming
3,142.48212396574831,69.56609962585716,3.590721018540406,0.807503831445556,-55.47466725820226,78.65618931819938,59.54419703511939,1,Unauthorized_Access
5,180.1614405564831,65.71279605684275,4.743531841224716,0.61426773971879,-58.80435732289078,49.93894634068723,46.58870987771924,1,Spoofing
3,168.48361018721917,84.76143795721023,13.940309163118817,0.6588861651230404,-63.82254115638651,84.22032772532178,72.31752120057133,1,Malformed_Traffic
5,213.8521275539157,98.2772032230753,14.606041773978848,0.6372689541657134,-64.23299893945499,63.75342350127961,51.96050718437384,1,Malformed_Traffic
5,49.82478274103997,92.77900655668849,24.885904682522806,0.9016029205521672,-89.45252658726831,56.544020011207195,46.984436679290475,1,Jamming
3,141.3411726888819,60.25632113872582,5.44201191049262,0.833828923954272,-59.753359171025785,87.2244698522098,62.221002722508786,1,Unauthorized_Access
2,143.24127867852766,47.27066679774487,1.9643109949799635,0.8787498172445795,-55.66406293586131,75.02645628585907,69.53405108484779,1,Unauthorized_Access
4,150.37612421220362,34.91444031787144,2.984970575073156,0.8207480716869026,-51.46335095220388,72.2918119727131,50.585980199950455,1,Unauthorized_Access
5,133.2686299937016,78.36657357758983,6.822958942536054,0.7520216577948828,-50.67223032588911,56.60750056696283,53.067560901269935,1,Spoofing
5,134.41296215520381,34.52198443690969,3.0642547636073387,0.7763699480807361,-56.273196379610624,80.9352349643861,77.13343088022486,1,Unauthorized_Access
1,67.55944447646363,92.57613939984739,18.360766184108808,0.8790589784652929,-92.57335596433545,48.874737536807395,72.40560362981844,1,Jamming
4,194.4019822232845,95.49163628837636,13.30933139787609,0.6953862474311954,-73.24070623246207,74.17727620817118,46.55726883812811,1,Malformed_Traffic
2,55.87788171391676,68.20859525660376,24.58427829809949,0.801886661492379,-87.80135866473367,57.96701374239522,69.9350099771273,1,Jamming
3,71.54502424305417,119.2574575222648,16.526084783566812,0.8228891502791711,-87.42054544856326,40.133747431968665,68.5328691800509,1,Jamming
5,160.42347173755755,68.6710185250393,5.275525346363325,0.7637323782429315,-66.03415130844624,69.75110731119588,74.31668288974271,1,Spoofing
4,136.56991183660764,52.594064151592654,4.542695172628733,0.7221729490989722,-74.99390991081552,68.91515547250597,75.1681735034153,1,Spoofing
3,164.87757018432688,64.4286422439913,11.21665155454646,0.6433452065912927,-50.80692618672697,70.05063962338389,61.9573009799735,1,Malformed_Traffic
5,192.9344090804832,87.72784796290219,5.045486815752879,0.7482176926167525,-59.1512007006783,60.385786006670045,79.45399691776649,1,Malformed_Traffic
3,140.00243851568914,49.70777485273459,6.330961048038244,0.7222882877345903,-60.875715936786335,37.31033877481808,44.13579746520166,1,Spoofing
2,117.11024992477765,58.6834159896745,7.189175955063316,0.8448973047069522,-61.42375400968769,57.44314116322367,55.245875281389424,1,Spoofing
4,148.25257636505538,67.39659373270105,2.539897550173503,0.6629241323739302,-67.38640353566062,63.2270873194085,56.538630668406405,1,Unauthorized_Access
3,190.8163650723568,71.94410688790725,4.669499423831969,0.7537203061552943,-82.24144729892376,57.976066483693955,57.58031121790207,1,Malformed_Traffic
4,147.05015755637294,41.997409044635354,2.3441551261697127,0.8317428464224319,-66.38924158531566,87.45278330076346,51.830113384813174,1,Unauthorized_Access
2,143.74669948964132,39.30513379520652,4.527994421941235,0.6912651349678058,-61.13578042066971,89.57408926961773,40.36803590501518,1,Unauthorized_Access
1,147.7858758638132,60.253564916957885,7.150716809259265,0.5260052721699402,-55.40028873281717,77.41807539108748,53.15097149970363,1,Malformed_Traffic
2,205.83822533637374,83.67462004161351,2.7569012696155752,0.8782116751303567,-60.396792942837116,56.550249679980524,58.28921678478177,1,Spoofing
5,215.97959060589318,70.48675154045691,7.128404999849728,0.7155848913626423,-54.642604042796236,53.246347653606705,56.00621091461596,1,Spoofing
1,176.25064249667022,91.94811031484306,8.622418710917978,0.6291005595827461,-58.2773599588329,69.38279252903317,55.96437402298917,1,Malformed_Traffic
3,163.86016380664094,74.64601757303694,3.412847312631789,0.6324639638915203,-60.73898379081017,70.4132446333286,66.76734608796572,1,Spoofing
1,128.63475399980194,50.52526368215316,2.0440492933080794,0.8124397508663496,-61.08261598768087,70.60758459317994,57.449777934572694,1,Unauthorized_Access
1,129.11167824929285,54.97788309417778,3.3374120028203804,0.8378071111510058,-68.4712794799754,90.06606541032627,44.87556848321436,1,Unauthorized_Access
3,175.2529712338219,58.38076968081675,2.345029687039622,0.7464864247434707,-66.13601449329147,93.00645242266052,42.53050687282699,1,Unauthorized_Access
4,158.2043325425792,56.86602273869781,3.5968329448091385,0.7102927851542319,-67.73956221367925,85.60540425303809,75.91592419097009,1,Unauthorized_Access
5,188.05568249338958,73.15842725375352,4.881098171525661,0.7305301988263768,-64.74469476342054,83.66540963499891,54.08066330007513,1,Malformed_Traffic
4,176.2115584066001,74.00707719041996,3.1226949407235094,0.7840960799203096,-54.008370962259434,42.74724402151773,59.312403733134815,1,Spoofing
4,155.17138870550014,79.66782556898976,5.258336779822511,0.7636235704801055,-65.14549903584236,63.14473683135303,64.34332618559634,1,Spoofing
5,64.79842634849932,98.2841455310262,16.892001528074804,0.7047214692380065,-84.16473477412931,59.27686294516429,79.64226034956349,1,Jamming
1,141.31643814647964,94.67686708499825,5.568414110535121,0.7828370644379343,-65.47912544866492,70.43163346121497,66.91420151238765,1,Malformed_Traffic
2,135.20823974949943,71.07840338735008,6.151995247334326,0.791634008054041,-44.05180651405949,48.65263884730361,68.91773697557788,1,Spoofing
5,88.50109114529005,109.84622008557261,16.06062109068765,0.9244857763097303,-89.96624775607572,33.872742410994434,40.426891513953365,1,Jamming
5,187.84077503174183,66.11129375296512,6.477295600851038,0.5841825078522406,-60.65958078890742,51.537098594150784,43.958744936348275,1,Spoofing
